timestamp,author,user_id,review_text,rating
04/07/2024 11:26:21,Pete Huynh,102117131416331219848,5,
04/05/2024 18:04:59,wafa ibrahim,116334232622662408493,5,
04/02/2024 02:10:42,Anwar Md Hossain,102007699294378549343,5,"Burholme Park is a public park in the Burholme neighborhood of Philadelphia, steeped in history and community significance. The park, along with the Robert W. Ryerss Museum and Library, was bequeathed to the city by the last descendant of the Ryerss family, prominent Philadelphians. The estate, which includes the Ryerss Mansion built in 1859, was opened to the public on May 14, 1910, after Mary Reed Ryerss fulfilled her late husband‚Äôs wish to leave the land and much of his estate to the ‚ÄúPeople of Philadelphia, forever‚Äù as a museum and public lending library. Today, Burholme Park provides fields for sports organizations, including baseball diamonds, a football field, and soccer fields. It also contains a playground and is a popular sledding spot during winter. The park‚Äôs large hill and open spaces make it a beloved area for recreation and community events."
03/18/2024 19:28:46,Michael De Laura,112327078591254283023,5,Great driving range.
03/12/2024 11:37:24,Alfredo Domenech,102378225340385946368,5,I love this park because is nice and relaxing.
02/16/2024 12:55:58,Mike Z (Poopman),114982875800776845198,1,I don't like posting publicly on anything
02/06/2024 12:01:15,Chau Huynh,114313632513982670209,3,
02/04/2024 18:30:55,Victoria Trower,111767878680710072338,5,A sprawling Park ground with beautiful trees and scenery. It is very clean and quiet and a Northeast treasure.
01/29/2024 21:06:33,Peter Luig,111225525828430284813,5,
01/29/2024 18:12:08,Yury Korzun,114165500351315646258,5,
01/23/2024 22:20:41,Lucio Damasceno,101659087369474041441,5,
01/22/2024 20:30:39,Charles Hutton,105344832313179904006,4,"It's a nice quiet park. I pass thru it whenever I have to go to Fox Chase Cancer Center. I also used to take my kids there when they were young bc they gave a miniature golf course, batting cages, and a driving range."
01/21/2024 15:59:14,Abi Corn,111778950504565232230,5,Had a memorial day with granddaughter so much fun.
01/15/2024 00:32:21,jim whitley,103042955966003554497,4,
01/13/2024 17:17:25,marvin guerrero,112062159544211274772,1,It was full of trash everywhere(broken glass)
12/11/2023 01:55:54,Tanner Schaible,116221391064071545649,5,
12/10/2023 21:42:15,Alexander Andriyevsky,112375551390559157102,5,
11/27/2023 12:56:39,Edson Jose Chetera,111669951247419926854,5,Emocionante.
11/24/2023 21:16:48,Veronica Preiss,110509474591920076391,4,My kids have a lot of fun here. But all the nett towers at all playgrounds have the ropes somewhat too wide or long for some kids and makes it hard for them to be independently playing and climbing.
11/24/2023 04:50:53,Jonathan Kinley,108011414539776019835,5,"I haven't explored all of the trails and sites.
But my experience so far has been interesting and scenic."
11/22/2023 10:39:13,–†–∞—É—Ñ –ö–∞–º–∏–ª–æ–≤,102751859484048406124,5,
11/13/2023 05:51:12,M. E. Bernadin,104620024956562324774,5,Lovely
11/01/2023 03:28:10,Nan Alvarado,114670105768825170267,5,EXCELENTE
10/26/2023 19:04:36,Jaclyn arroyo,109120558008203890042,5,
10/17/2023 12:15:31,David Aviles,112708722898320823962,3,
10/13/2023 19:31:59,Anns Mustafa,103330260254057663725,5,
10/07/2023 01:39:38,Forever Alexein,116507610970907154107,4,Nice park. The hills are tricky but the fields are well kept
10/04/2023 11:10:37,Mike Smith (mikebiff),105962515814237843425,5,"It's fun there, especially for me because I win. If you see me on the mini golf course, think twice before offering a challenge"
09/30/2023 22:57:27,ÍπÄÏßÑ,112833533646563343026,5,
09/26/2023 21:44:42,Sardor Uktamov,111231104215106822710,4,
09/22/2023 18:08:40,Shawn Lucas,104269971438431070948,5,
09/19/2023 00:48:46,Brenda Rojas,102412991907281072688,4,
09/17/2023 23:12:39,Steve Posey,104850437996789054011,4,
09/17/2023 16:23:11,Ronald Bailey Ford,108100225575917479392,5,"The park was clean, and the grounds were well kept."
09/13/2023 13:53:05,Reham Aladl,108345917102641374108,4,I like this park.it‚Äôs a small and on a hill one.but it‚Äôs nice.you have to go up with your car and there is a small parking.has seats and tables.but I don‚Äôt recommend if you have 2t toddler they may run down and it‚Äôs on steep hill
09/10/2023 13:26:13,Trish Mason,116379098816326813596,3,
09/07/2023 20:55:02,Brett Everage,117380191840683133294,5,"Beautiful park, it was clean, it was quiet and I loved it.... Fox Chase Cancer hospital was close by to go to the restroom. . I recommend it for future family gatherings and picnics."
09/04/2023 01:06:34,Yvonne Jones,116174497532663819213,5,
09/03/2023 20:37:31,kellyann hutzel,103059985647996777101,5,Used the driving range.. Beautiful day. Great prices
09/03/2023 01:28:45,M D Zlotnick,118354863843359313122,4,"Great place to have a picnic and a good place to use the driving range and batting, and putt putt golf"
09/02/2023 11:13:06,Kari X,103864561826798247835,5,It was nice and relaxing
08/28/2023 12:08:18,Jay Dizzy,112543359757027326570,5,
08/27/2023 18:24:22,David Valentine,103006434511791243866,5,"The weather was great, the golf range was in great condition, and now the golf center has setup a indoor training center with a store to buy equipment! !!!"
08/25/2023 21:44:30,Megan Wreath,108804599917133346895,4,
08/23/2023 14:48:50,Carla Lowe,105395281517283928707,5,
08/22/2023 04:21:02,Ammar Nomani,100675936706824016865,5,Wonderful!
08/21/2023 23:20:05,Hazel Trott,108071130678923748589,5,Amazing food but the spicy no spicy and sweet to sweeet. I wish chicken could cook  and I would happy
08/21/2023 17:10:32,Teresa Counts,117166478299405159516,5,
08/19/2023 21:15:31,Joseph Micucci,117539992126945235946,5,
08/17/2023 18:22:10,Amanda,109363678692275750296,5,
08/16/2023 23:24:40,Stephen Lombardo,102204684632255495844,3,I grew up around here and the place needs to be cleaned up
08/15/2023 08:27:42,Shan Free,115504661163025116609,4,My 7yr old granddaughter had a ball
08/13/2023 22:43:57,Harvey Pinsk,101080650214949693639,5,
08/13/2023 12:42:24,Jacqueline Lindsey,110781528267793748831,4,Very nice park. Only problem is there is no doors on the bathroom stalls for women to use. But the park is beautiful and well maintained.
08/12/2023 03:48:01,Camara Wilson,105618111262900113804,3,
08/06/2023 19:51:52,Jose Berrios,117469120194200410305,5,Enjoy coming here.  great place to practice your golf swing and the auto fee is awesome.
08/04/2023 01:20:49,Tonya Green,114472553610014597256,5,
07/24/2023 17:13:05,Chris Campagna,114773475682526350893,5,
07/19/2023 10:10:13,Gordon Brubaker,116032764690732408373,4,
07/17/2023 15:49:47,Shashank Gupta,104480082364614786921,5,
07/16/2023 15:48:14,Shashank Gupta,113338476897330293679,5,
07/13/2023 15:39:48,Kim ‚ÄúNurseKim‚Äù,112676909541392407198,4,"Really nice, well-maintained grounds and park equipment.
There are bathrooms available.
Lots of hills- EXCELLENT sledding spot!"
07/12/2023 19:08:49,Stephanie Harold,111713769146851677272,5,
07/11/2023 14:58:54,michael bright,116033002986343741924,4,
07/06/2023 05:09:21,Brittni Y,114654945473143360571,5,Family reunion goes down every year here for 95 yrs now
07/01/2023 12:34:36,Miller,109908299458235415345,5,"We used to live about 10 minutes from this place. Now it's like 30 minutes, we still go here for mini golf because it's a simple course and they are in good condition.
I love the driving range and the staff is nice. I've also won a free game here twice so I may be bias."
06/24/2023 19:33:39,Prasanth Louis,109367755102178116272,5,My friend shot his ball into the water. Woops.
06/23/2023 04:19:24,Aimie lynn,108948793132631284064,1,Awful!
06/21/2023 17:42:36,Ïû•Ï†ïÍ≥§,113536485196599722601,4,
06/21/2023 11:24:41,Jhk Kym,113445703872140558210,5,Good for long business hours
06/19/2023 09:49:44,Shawn Simpson,111716291696141079794,4,
06/19/2023 03:39:31,Richard S,103667111534413587659,4,
06/16/2023 20:21:33,OH DaWggie Bones (O.E . Bone),118251417319296263787,5,Great chill spot since birth
06/13/2023 23:22:57,Ahmed 1234,108046019023668949602,4,ÿ¨ŸÖŸäŸÑ ÿ¨ÿØÿß
06/13/2023 19:47:32,Shandy Cortez,109974686342913793598,5,
06/11/2023 01:20:29,tarig osman,114569664432635360918,5,
06/10/2023 23:32:08,Bob Sucharski,107715411421026275640,5,Played mini golf‚Ä¶Had a fun time‚Ä¶
06/08/2023 14:01:50,A A,115441026871478901649,5,"In the bustle of Philly, this is a nice little park"
06/05/2023 20:04:53,Mounir S.,117243392110282475143,5,
05/31/2023 12:42:51,Yanique Clarke,114389145305735935108,5,"Friendly, safe, n clean environment.  Also, it's the best place to bring your family"
05/29/2023 12:00:28,colleen duffy,104434217089997831557,4,
05/27/2023 02:09:58,Insook Kim,111423005164379550325,5,
05/25/2023 03:23:46,Mark Allen,118319592038545658695,5,Driving range new and improved. Automatic tees.
05/23/2023 13:17:20,Karla Rivera,107692482651237004871,5,
05/23/2023 01:58:19,Ejj ofNite,102891621362143909914,2,Not much going on here. No public facilities. Just find a tree and hope no one is looking.
05/17/2023 20:03:07,Courtney Lawhorn,110353943620632300983,4,"I take my dog here periodically. I've had a couple of dog owners tell me that they had a dog jump on theirs. I like to let my dog off of the leash because she is an extremely anxious dog. Off the leash is the only time I see her just carefree. I love that, but maybe it's time for them to enact a leash rule. I'd rather she be hindered and safe than free and in danger."
05/15/2023 22:59:46,Scooby,114432174411678958120,5,When there for the golf range. It was very nice and clean. Love their new machine that auto pushes the ball on to the tee. You just have to load the balls. In addition they have a nice place to sit and order refreshments and snacks. Overall it was nice.
05/14/2023 15:58:22,M.K. Belkadi,105018431993661350502,4,
05/14/2023 03:42:53,–ê–Ω–Ω–∞ –õ—É—Ü–∫–∞—è,102301839796157588297,5,"Wonderful park! Nice, clean place. Great playground for kids of all ages. Large comfortable tables with benches. There are trash cans next to the tables. There is a toilet (cabin) in the parking lot. We celebrated our daughter's birthday there. It was comfortable and fun for both children and adults."
05/12/2023 01:48:18,Joseph Williams,113924394123675329541,5,
05/11/2023 17:07:10,Cameron Glines,117742956303229919751,4,"The driving range has plenty of spots available, and about half of them have the auto-tee, which makes driving very convenient. It's easy to get balls, and affordable at the same time."
05/11/2023 02:01:33,Michael Coyle,101869935440841937566,5,"Great food, good prices friendly staff, clean restaurant."
05/08/2023 21:46:34,Wilbert Kilgore,100460528094307492583,4,"It's not kid friendly, nothing for them too do after putt putt goal. There's really nothing to eat there!"
05/08/2023 17:19:25,Geno No no,106441218090281938731,4,Nice place to enjoy the outdoors
05/01/2023 23:32:45,Mike Porter Jr,104875664278158731552,5,
05/01/2023 15:21:19,Debrah Gyuraki (Debbs),102388695684761839334,5,Love it there with my grandchildren
04/23/2023 20:42:22,Johnny,104112569156869935173,5,
04/23/2023 19:28:41,H Neil,113899671199750010570,4,Grass was high for activities. But park was clean
04/22/2023 18:10:33,Smiley,107053137981329307728,5,"Fun place to bring the kids! I been comming here since I was a small child now I bring my daughter , nieces and nephews !! They have a lot of events also ! The golf course is down the street ! It always felt like a second home ! They keep it clean also ! I hope they bring back movie nights !! They were free and soo much fun ! I love comming to this park , even just walking around the park / hospital is very calming and helpful!"
04/16/2023 16:03:53,Darrin Diclementi (Deak),109200362488882796781,5,
04/15/2023 02:52:00,Lynn Seibert,105824507770820862206,4,Beautiful building. I was walking our dog waiting for my wife at the cancer center
04/13/2023 22:39:03,Bridget Carlin,115736844270207610267,5,Fantastic fun!
04/13/2023 14:35:33,deborah coleman,110634333890594285346,5,Best place for walking
04/11/2023 13:35:31,Sess Videoz,110764607055348277906,5,Beautiful and quite place.
04/09/2023 23:19:29,Juan Fargas,114189717902560004292,5,
04/07/2023 17:23:06,Hai Hua Pan,113375592320640404905,5,
04/02/2023 22:56:55,Bessa Sreshta,100743937090887776012,4,
04/02/2023 20:02:30,No Knows ‚ÄúNo Knows Houses‚Äù Houses,107135332434718583798,5,
03/29/2023 19:13:24,Samantha Schall,110355642196704338003,5,The kids r very friendly and respectful.  The parents conversat and help with others. And very clean . Also beautiful sunsets on the hill something u don't want to miss
03/20/2023 22:24:41,Ashley Hook,111076780770925118755,5,
03/07/2023 11:23:33,juni juni,102874817170626837126,4,
03/03/2023 16:47:16,leeÏÉÅÎØ∏,113470201092511615593,4,
03/02/2023 22:08:05,Kenia Duque,105674215799740553737,5,
03/01/2023 17:55:28,Rebecca Pichardo,108700416159120748709,5,
02/25/2023 18:33:01,Nicholas Martin,109173373416679087447,5,
02/23/2023 22:36:44,Barron M. Felder (Grace and Peace),110638602691348218338,4,
02/08/2023 21:11:43,Hussein Alzyod,109344464712002960379,2,Glass pieces all around the park
01/13/2023 15:10:35,Alfredo Ramos,114168271931651756680,5,
01/06/2023 16:48:35,Ï£ºÏòÅÎèÑ,109913849089042284754,5,
12/18/2022 08:47:00,bongchan ‚ÄúBC‚Äù Kim,100842460996647626923,5,
11/25/2022 18:22:25,Edsil Austin,114231303506234358744,5,
11/11/2022 00:05:46,Jay Wohlfeld,105844146095659766353,3,Had a nice time at mini golf but it got expensive and they seem to be letting things go there.
11/08/2022 08:01:11,Raymond Negron (Cookie),115817663153808663998,5,It‚Äôs always a pleasure to go to burlholme park . This time of year is beautiful my wife Donna loves this park!
10/30/2022 00:22:12,Latoya Love,104651052414174269121,5,Beautiful
10/27/2022 15:07:17,Leah Loc,108271205792907398443,5,
10/22/2022 15:10:34,detrick lowman,108318520988268181497,5,
10/20/2022 12:47:14,David Kaplan,102703738561029191047,4,Inexpensive fun time for the family
10/04/2022 01:44:17,Lashi Umm haniyah,116737205062428589765,4,It was nice I had fun with my husband and daughter
10/01/2022 19:38:07,Raquel sessoms,113855392008681251443,5,Love this place really nuce park/ playground been going here for 20 years
10/01/2022 16:16:36,Ketsia Paul,109408100475392208028,5,
09/20/2022 19:59:55,Chaz Harris,105081519106356209855,5,"Great green facility with free and for profit options. A great playground, a museum, rolling hills and woods. A needed sanctuary in the city."
09/17/2022 18:53:07,Krista Grau,117630088009934529378,4,
09/16/2022 14:41:28,All glory to God our most high Smith,110788408891156266987,5,Refreshing  clean beautiful  therapy for me and the pooch
09/15/2022 16:32:08,Ania Stacey,111820750808514970473,5,"Birholme park has definintely improved over the years. About 10 years ago, there was a lot of trash, on the ground and in the playground which was always my gripe. I was just there the other night and was so pleasantly surprised!! Great job cleaning it up!!!"
09/15/2022 10:41:37,Susan Hadfield,107976297000899176251,5,
09/10/2022 04:53:10,tim ralston,113665846443056642859,5,"Beautiful park and playground, plenty of space outdoors to enjoy the fresh air"
09/03/2022 23:21:33,C. Miller (Tha Twizzler),111469684017232202304,5,
08/29/2022 02:52:48,Jaquan Collins,113405871685542448498,3,
08/25/2022 11:36:46,Dwayne Hudnell,106844224260130271313,5,
08/23/2022 14:54:17,Tee Francis,111874911897395863014,5,Bathrooms really need a remodeling looks like a horror movie  inside no light smells horrible and dingy
08/21/2022 16:07:26,Charlene Mills,112759579876233275906,5,
08/21/2022 00:53:51,Willie Colon,108551511893316642866,5,
08/19/2022 17:08:20,Anna Alimkina,114803238452855136263,5,"Great park, very nice playground with toddler area, and the Ryerrs Museum and Library is a must to visit! Awesome experience, will definitely be back!"
08/15/2022 18:59:37,Gloria Moyett,114307757407540782192,4,
08/07/2022 04:57:57,Dorys Jimenez,116975121102917538270,5,A place to enjoy be alone or with kids. Church is a Colonial place where you can pray and enjoy nature.
08/06/2022 21:42:45,Remmia Alston,107227224702621107056,5,
08/06/2022 15:49:46,Jamila Counts,104824488477779997592,5,Gr8 nice safe &  quiet place to relax w friends and family
07/27/2022 23:44:23,Dominic Fusco,103493609317253609988,5,
07/24/2022 23:17:46,Irving Pearson,103840911324233505293,5,
07/23/2022 22:37:25,Christina McFarland,116785338929026528091,5,It was me and my kids first time there. It was cool. We want ‚õ≥ and had snacks. The restroom was clean
07/23/2022 20:55:57,Brandon Rosenblum,109085052031552086622,5,
07/20/2022 01:27:37,Brant Paton,111144219854354341119,5,Its cool
07/18/2022 08:59:15,Damika Dee,109778235223200596526,5,Very quiet peaceful area I can‚Äôt wait to go back
07/12/2022 04:28:36,Janel Dovak,102069068616661418234,5,
07/12/2022 03:51:46,yomy reinoso,113434728053379461264,5,"This place is great for practice üëå baseball,  softball and tennis."
07/12/2022 03:04:35,Annemarie D.,100940359141019257330,5,
07/06/2022 01:02:10,Pablo Rivero,104318288550302660729,5,
07/04/2022 22:39:46,Edward Matuszewski,109145868945164487492,4,A quiet park with picnic benches and a playground
07/03/2022 15:43:16,Leny C (Leny),116913639819657469841,5,
06/28/2022 21:52:38,Tim Polaski,109238653722813883071,4,
06/26/2022 16:00:53,Tyrone Brown,115053777390719827244,4,Fun and relaxing!
06/24/2022 21:12:27,Billy Williams,115800485866547168847,4,"Nice quiet area ... Great place to take your children, eat lunch, or have a picnic."
06/19/2022 15:44:51,Drew Beynon,105858782993488646258,4,
06/17/2022 09:55:58,Wonder woman,102375026854885078723,3,
06/17/2022 00:34:46,Antonio Nieves,107747590992155370986,2,It's A Shame. Two Baseball Fields and Two Softball Fields In Shambles. Grass needs to be cut and the fields need a lot of work.(EVEN THE CAGES) Nice Area TOO.
06/12/2022 17:59:23,William Telford,117080856393488820956,5,
06/12/2022 11:49:51,Cran215,111275600856979354324,4,
06/12/2022 10:09:07,Victoria Ruthe,107483668797887065511,4,Open areas and plenty of shade. Nice playground. Great place to walk around. Lots of field space to play many games
06/11/2022 22:01:20,ThisIs MyName,113210712652448407631,5,Had a picnic with my girls ‚ô•Ô∏è Perfect spot
06/10/2022 06:35:24,Mike Negley,112505929723796301121,4,
06/08/2022 17:34:01,Carlos Lucero,109844970571578083876,5,
06/03/2022 01:08:43,fifi dudley,116349711163885635992,5,
05/31/2022 00:54:23,Chris McNevermind,112299627379255220431,5,
05/30/2022 02:34:17,Keith Church,116980861170808506905,5,it's very peaceful &  Occasionally you hear a car go down the street but that ain't never hurt nobody
05/29/2022 02:30:27,Amir Archer,106445386911170237637,5,
05/26/2022 18:25:00,Shelove Etienne,111185681189773259745,5,
05/21/2022 13:16:18,K B,114939862610310556942,5,
05/19/2022 11:49:52,caroline colavita,115147789264118623120,5,"Nice, clean and open park. Came for a softball tournament."
05/18/2022 19:37:25,Mike Lombardo,114891448619204590129,5,"Grew up around there. Probably one of the few nice things left one the area, great memories."
05/18/2022 14:06:39,Heather D,104760973757110211365,3,
05/16/2022 04:14:38,Bill Littel,106244807628288257830,5,
05/14/2022 13:48:49,Charine Tisdale,101228508665712304828,5,
05/14/2022 12:43:06,Angie Smith,104957432731513784642,5,Nice and clean park I love taking my 2yr old daughter there.
05/09/2022 20:37:01,Jeff Buscavage,106754498259744776860,4,"Nice little driving range, could use some upkeep"
05/08/2022 07:38:07,B .E. Perry,103302146677464886589,5,
05/08/2022 00:30:10,Tina Woodall,103426741200572781485,5,
05/06/2022 14:23:08,Matthew Marino,118244535334520439171,5,
05/06/2022 04:07:02,Barbara Koski,117908176167316622889,5,"Had a great time there. Very family oriented. Lots to do. They have mini golf, driving range,  batting cages, a beautiful park, and pavilions.  I would definitely recommend this place."
05/05/2022 20:53:26,Mariana Silva,116516480052891069628,5,"Lugar maravilhoso , com espa√ßo pra brincar , pra piquenique , tem estacionamento pr√≥ximo do playground , lugar super tranquilo e agrad√°vel ‚ù§Ô∏è"
05/03/2022 13:25:14,Phillip Smith,112950658316417902196,5,Fun little place to take the kids for some fun. My family loves to mini golf so we felt right at home. Batting cages are always fun.
05/01/2022 16:48:47,Nathan Torrealba,104633382495792099262,5,
05/01/2022 11:43:06,Sparky Bee,112371321852594316995,4,Nice place to play miniature golf
04/29/2022 23:43:28,Romona Smith,102318174299230897668,5,
04/29/2022 20:12:16,Carol,109588438151560298423,5,
04/24/2022 10:53:32,ÏÜ°ÏòÅÏàò,108017804477177363472,3,Ï¢ãÏïÑÏöî
04/23/2022 21:47:01,Ryan McGinnis,108206098364551366838,3,
04/19/2022 18:04:31,Tyrone McVey,112989118632876112119,3,
04/16/2022 23:06:05,FLY AboveGroundLevel,109280203599855117770,4,
04/16/2022 19:44:14,Isaiah Leriche,110882925607814557095,2,
04/13/2022 00:21:42,Beto Moreno (B√©tico),107049598792652989341,4,good place to spend with family
04/10/2022 10:02:31,Frankie Dee,107150835975644759358,5,
04/04/2022 20:30:55,Star,108151518114637647046,5,Great family fun at a cheap price it could use a little upkeep but overall it's a great place to get in some family time friendly staff
03/31/2022 10:11:58,Brian McClay,109810073037800624585,3,A good Place to relax
03/23/2022 21:11:15,Michael Dunphy,107711691390295016931,5,
03/21/2022 21:31:45,Cake Mix51,112835812891951075836,5,Very CLEAN!
03/21/2022 15:32:01,John Dalbey,102450420626872136512,5,"I was in search of a safe place to walk my puppy Sadie.  She's a pocket American Bully @ 80#.
Definitely a special day, just Sadie and I in a park."
03/19/2022 14:45:56,Lawyer Robinson,103451249681326404792,5,Good place to work on your golf game.
03/14/2022 21:39:07,Robert E Brown III,105373950036419510758,5,
03/13/2022 00:56:49,Joe Maffei,110796034394884300394,5,
03/12/2022 01:28:59,Iqmat Adediran,106337075882187976543,5,Had my birthday pictures taken and all came out beautiful. Nice park for kids and Adult alike
02/23/2022 00:13:04,Shirley Sullivan,116728030475322743229,5,
02/13/2022 21:05:45,ivan garcia,107263425121810121896,5,Nice park
02/12/2022 13:22:12,Carolyn Myers,106632345691322180609,5,
02/03/2022 09:52:51,Tom Ulery,112772370736502542280,5,
02/01/2022 16:02:09,Linda Starling,114833041632512551887,5,This is a wonderful  neighborhood park. Nice place to go have fun in the snow. Great place for sledding. Family place children was having a ball playing in the snow. So nice to see.
01/31/2022 07:52:14,Faith M,106112087003370714710,5,
01/31/2022 03:18:04,Tatiana Rodriguez,115421288505923243286,5,This is such a friendly and amazing place to go sledding my kids had so much fun
01/23/2022 00:06:45,William Banks,100602017313505124682,5,Clean park. Cool atmosphere.
01/19/2022 04:49:29,Laura Biga,104484587790136574572,5,
01/13/2022 21:21:02,Walter Richardson,100462550749409363294,4,"Doing it da park, oh yeah!!"
01/08/2022 23:39:42,Michael Gross,107885342837072828100,5,"Ryers Museum, a little education here"
12/28/2021 10:00:08,ED OM,101755949451239866132,5,Best place
12/26/2021 19:24:39,Robert Deal,109429398844263405184,4,
12/21/2021 18:38:53,joon Lee,116028910135556091659,4,"Ï°∞Ïö©
ÌûàÌÑ∞ÏûàÏùå"
12/08/2021 15:45:44,Abel Rodriguez,105294868639805630657,5,Great park! Plenty of space and parking all around.
11/30/2021 21:37:27,Stacey Jane Rodgers,115949832355517090515,5,"Very relaxing, quiet,friendly folks"
11/25/2021 16:21:09,Mark Walter,108264929078114912481,5,Went to our annual Troop 160 outing every Thanksgiving.
11/21/2021 22:30:09,Abba Asal,109162131497097982499,4,"Safe and nice
I will keep going"
11/21/2021 17:26:40,Evan Gravitz,114195429693008494696,4,"Burholme Park has a children's playground, a sports field, picnic areas, and a short walking trail. There was a lot of trash lying on the ground when I was there. While the wooded area is interesting, and contains some neat geological features, it's not great for hiking."
11/13/2021 12:02:01,Beth Sessions,102057615086942605315,5,
11/12/2021 10:53:46,Brittany,105025897453761216909,5,"This year fall fest was very much organized & enjoyable for the kids ages 1-12 yr old with giveaways, games, and the  kind participants/staff. The event was also free!"
11/03/2021 22:43:46,Joe Swaim,106842085461905233608,3,Batting cages are always glitchy. The driving range is good.
11/02/2021 23:55:31,JD JEON,111484776385876090767,5,"Great place for family.
My 6 years old boy enjoyed a lot there today. He's still excited üòä"
10/26/2021 11:09:01,Louis Depa,117213750537994211377,5,Had a good time
10/26/2021 01:12:58,Justin DiBello,117981720059929246082,5,Simple
10/25/2021 01:06:37,Shavon Clear,108672722550131031850,5,
10/22/2021 22:15:28,Nicole Brown,107193931905875212154,5,"Great driving range. Covered, heated, well maintained, helpful staff. Good prices"
10/22/2021 20:48:28,Joseph Rawling,102465476228850681244,5,
10/21/2021 12:46:09,Natalie Huf,104551405702648949985,5,
10/19/2021 02:40:58,Michelle McCall,115182413956176158129,5,
10/12/2021 04:26:46,Bobby Johnson,101759707280801375949,5,Good night....
10/09/2021 03:17:59,True Review,111806279891210626636,5,"Burholme Park is a great location to spend time if you like nature or being outside. It has a lot to offer, including picnic tables, benches, ball fields, a playground and more. It‚Äôs a great place for a walk or other types of exercise. There is parking in and around the park. It‚Äôs usually clean. There is a lot of space so it‚Äôs never too crowded."
10/08/2021 23:42:06,Joe Steward,110808520324052326704,5,
10/08/2021 07:15:49,Melisse Mcmullin,112511275218393320133,4,
10/05/2021 16:12:51,The inspired,117573990634631737643,5,
09/30/2021 15:38:54,Akiva Gavrylin,105005874314625780136,5,Great! Fun and affordable! Mini golf is a bit pricy. But batting cages are cheap!!! And great place for the first time golfers!
09/27/2021 12:22:00,clifford mewalal,113855956325699180717,5,
09/26/2021 22:32:20,Jordan Duarte,106957544435424356136,5,
09/25/2021 21:15:05,Mary White,108965094723224538163,5,
09/18/2021 18:34:04,Ïù¥Ï§ÄÏÑù,111192004127514072073,4,Good
09/18/2021 14:15:24,Young jae Lee,108282113084808084815,5,
09/13/2021 00:05:10,Carlton Allen,103320491342741237421,4,
09/12/2021 02:17:05,Mark Boudreaux,112127369469946901820,4,
09/09/2021 10:08:16,Rajeein Mcfarland,112409404213851482033,3,
09/01/2021 13:25:24,Naim Ings,101994895982017265932,3,
09/01/2021 07:53:06,Latisha Patterson,118403175571738966076,5,
08/31/2021 22:57:04,Abdul wakil,107074769624323059611,5,Good place to chill.
08/31/2021 02:10:47,Hagaishi TV,117785658741391207817,5,Great park
08/31/2021 01:26:02,Ronald Fries,113603089523206625935,5,
08/24/2021 22:03:28,Pamela Jackson,103225342068246394960,5,"This is my second time visiting this park, it is beautiful out and so peaceful."
08/20/2021 18:49:57,Crystal Nesmith,116543404109111706922,5,Great park. I love the fact that it never seems crowded.
08/15/2021 04:32:50,Cboop06@gmail.com Howieda3rd,117204612021868756886,5,
08/13/2021 10:33:44,Amelia Sparks,108892427999277830602,5,"Beautiful,  quiet,  and clean"
08/11/2021 01:45:11,Mike Schmidt,102655962799944786106,4,
08/10/2021 18:38:42,Mike Iacovetti,100392604023627137975,1,
08/08/2021 01:53:54,Cj Baeringer,104202658878756932107,5,"Very nice experience, driving range, mini golf and batting cages...affordable prices and a very clean environment!"
08/06/2021 23:19:48,Nicole O‚ÄôNeill,105944656261122410651,5,
08/05/2021 15:28:57,Lynn Veach,111385139769423135629,4,Nice mini golf course
08/05/2021 00:29:41,Faraz Dadi,100848919738551536292,5,
08/03/2021 19:52:58,NIKKIE HENDERSON,114914429402687047366,5,
08/02/2021 18:16:12,George Smith,112086947176816405846,5,
08/01/2021 23:01:28,Mahzad Chowdhury,107878923130053824829,3,
08/01/2021 03:09:39,Nelly TBS123,115589379396993031785,5,
07/30/2021 12:04:28,Rasheed Bennett,114609579239901044731,5,Very nice place to go for a family day or couples date. Super affordable and offers a lot!
07/28/2021 17:39:25,Thomas Acker,114955013040452581319,4,Fun filled day for next to nothing
07/27/2021 21:16:28,Rose Harris,111116234587338015325,4,Such a fun course and my family loved having hot dogs and Icees after playing a round.
07/26/2021 21:05:03,candace crescenz,116475013516109482042,4,
07/26/2021 10:15:21,Beth McRavion,114745653035348907802,5,Big Park and always clean
07/20/2021 13:28:48,jmizz 215,115788378750352154835,5,Great place to practice your swing at the batting cage or golf range and at a reasonable price
07/17/2021 22:06:19,Sean Mulherin,105941387393141316976,5,
07/16/2021 16:15:03,Larry Clutter,100978664395085952856,2,
07/16/2021 06:30:25,AnnaMarie Rotondo,115547123112290992213,5,
07/14/2021 16:05:25,Yufan Chen,113772410744860933024,5,Early bird special on the jumbo bucket is nice. If only my back could keep up.
07/14/2021 14:17:08,jean allynn,118362071580467869281,5,
07/11/2021 23:11:35,Maria Arocho,107024957228151572514,5,Nice and clean
07/11/2021 21:08:16,Hao Nguyen,116085164674490235129,5,
07/08/2021 21:55:35,Laylani's Loc Journey,103838235539428754431,5,
07/07/2021 23:18:03,mack gordon,108383165481324246164,5,
07/06/2021 16:58:43,Gabriel Kuriloff,107818083401290309515,5,This is a totally great place to take a couple of kids or grown folks who like to play. The mini golf is quite good and the batting cages were easy. The mini golf is all course design and few gimiks. The boy and i approved and we've both em on like ten mini golf course in the last two weeks.
07/05/2021 09:39:56,Tom Moore,112313055063985395542,4,A great park to have gather and have fun.
06/30/2021 19:14:43,Corinne Bordner,106536561649574411450,5,I love this park. I rest here with my hammock while my father is treated at Fox Chase. It's such a beautiful place to connect with nature.
06/30/2021 01:55:06,Edward Trampe,107012274462489701490,5,
06/26/2021 20:10:38,Craig Bickings III,106181586604312028942,5,
06/26/2021 01:18:36,Clinton T West Jr,115440197625327250136,5,
06/22/2021 10:41:16,Kyle Benson,114430800941419364052,3,"It's a nice park for an event but, the bathroom situation was HORRIBLE!! Only 1 was in use for both male and female!! Also they have no doors on the stalls and no lighting. The was no light switch and where it should have been there were exposed wires. Fix these problems and you'll get a higher rating."
06/21/2021 15:28:22,frankie Walls,111269519210315141709,5,
06/21/2021 01:18:25,Anthony Bowens,104410023619959445933,5,
06/20/2021 18:05:20,Marcia Taylor,109099023527429999787,5,We love taking our grandchildren there.
06/20/2021 09:24:11,Richard Kim,112772653976773849976,4,Kind
06/18/2021 05:26:36,Warren Nelson,102704425953680227592,5,
06/16/2021 21:34:48,Michael Diamond,106694096126656149664,4,"Mini golfing on 18 holes. No frills experience but good fun for the price. Aging establishment, appears to be under new management. Renovations were in progress. Looking forward to the visual updates"
06/16/2021 03:12:20,Townsend Heilman,117861399573592223545,5,
06/15/2021 15:58:59,S. Fox,111622547732824081212,5,1st time playing mini golf and I loved it!!!
06/14/2021 17:28:42,Conner Baur,112484095842601909544,5,Cool park
06/13/2021 17:52:46,Toni Key,115648880878761439514,5,Love this park to walk my dogs in
06/09/2021 15:34:05,Peaches,105230183449910109997,4,"Clean and beautiful for picnics, parties or just enjoying the out doors and nature."
06/08/2021 22:47:31,Angel Cruz,101865775517831925641,5,
06/08/2021 21:30:01,Loman Hill,114957817623076286611,5,
06/07/2021 23:59:46,Rachel ‚ÄúMs Ray‚Äù Santiago,108043465572669098097,5,
06/06/2021 16:48:38,Dikeeta Talington,105294409739841117889,4,
06/05/2021 22:53:09,Jax Potok,115813337914958230068,5,
06/05/2021 11:25:12,StaceyJ Rodgers,111429690366076252054,5,"Best little park around,live right across the street. It's  my back yard practical every day enjoying the peaceful  environment."
06/01/2021 11:17:54,Cynthia Spering,115272593391246008196,5,Batting cages
06/01/2021 02:12:15,Krys D.,100952073460674914783,4,
05/31/2021 00:02:08,Donna Connelly Scalzo,113162607615510242398,4,Clean
05/30/2021 12:47:52,jason butler,117615167044000713524,5,
05/30/2021 00:17:21,James Taimanglo,106458013334891151659,4,
05/29/2021 16:38:15,halil t√ºrkel,102848159888098775772,5,
05/28/2021 23:46:36,Bunnie Smart,100098839994051717211,5,
05/26/2021 22:07:06,Lorinda John,118043705415518816828,5,"My daughters and I had the best time putt putting here!!! The course is fun, challenging and beautiful with the water fountains!!"
05/25/2021 01:27:00,Michail Maksimov,100468786810223924705,5,Very peaceful and natural place!
05/24/2021 10:14:23,Latosha Curry,103948322732985125118,5,Love coming here to watch my niece and cousin play soccer...need better parking but no bigge üòä
05/24/2021 02:11:33,Kimberly Atias,106404086392902605634,4,Nice local park with no facilities. Good pay space for kids. Great sledding. Good fields.
05/23/2021 23:06:09,Eudene Parson,101233374759488931230,5,Great space and clean. It's great for family picnic or an outdoor kick back
05/22/2021 15:31:18,Jaylin R,117614073909880072052,5,
05/22/2021 07:25:03,chris lapatina,117087813198550594693,5,Loop
05/16/2021 14:58:55,Fran√ßoise,103157924001999792341,5,
05/15/2021 22:57:59,Johnna T,113848890973535783452,5,
05/15/2021 20:42:46,Patricia Kline,114875520246800200770,5,
05/15/2021 19:29:39,Shannon Ellison,103424856942816222370,5,Great place to take the kids!
05/15/2021 00:49:31,Rohit Thaip,101855636941463995118,5,"Great fun and affordable prices, definitely recommend for a fun hour or so"
05/14/2021 00:08:12,Nobel Chowdhury,110305609889848628480,4,
05/13/2021 14:57:53,Sean j Simmons,116052896790130040762,5,Love it
05/12/2021 10:23:04,Catharine Mullin,101806918517998370381,1,
05/11/2021 16:44:31,Colleen Rose,110207715794576226147,3,
05/10/2021 05:05:43,Jasmine Reyes,109028265687314774025,3,
05/08/2021 13:30:59,Warren Nelson,101152408307359382653,5,Great place to go in philly for a day out or to hold a event. Course is in good shape and the staff is very accommodating.
05/06/2021 17:37:37,Philly Shawol,101641979405824137902,5,
05/06/2021 14:46:53,Tiffany Thompson,114456937284705018877,5,
05/03/2021 00:01:03,Ryan Gurski,112991700862335864900,4,Good experience
05/02/2021 12:28:30,Latosha Curry,114659406980099921435,3,I like this park family friendly only issue I have is parking.. needs to be more parking spots available to many activities going on at this park for there not to be enough reliable parking
05/01/2021 21:50:24,Noor Zahid,115034902580959946110,5,Cool place
05/01/2021 12:54:37,Shannon Meehan,109263415369996941676,5,Love this place always did ‚ù§Ô∏è‚ù§Ô∏è‚ù§Ô∏è‚ù§Ô∏è
04/28/2021 21:36:27,Richard Martin,109334809876219378179,1,I don't have  a f..... Clue. I wasn't there.
04/28/2021 04:21:25,Shanna Anderson,116379169316422909439,5,Nice park for small ones friendly play atmosphere
04/25/2021 13:03:52,Cheryl Barfield,114804052300764514410,3,
04/25/2021 12:03:22,GUSTO L.,103311461937401241073,5,
04/22/2021 16:14:09,Megan Milaro,109227910083186312983,5,
04/21/2021 16:44:22,Sami H,104250986403123991886,5,
04/15/2021 18:07:11,kim gallagher,110266526938566607389,4,
04/13/2021 23:52:28,Brianna Henesey,109969486921662837208,4,
04/13/2021 18:04:50,Tahlil Roache,111171229722685296050,5,
04/13/2021 17:01:34,Devon Egbert,109066368051141407087,3,
04/13/2021 03:29:22,Daniel Gonzales,117636708255768044464,3,
04/11/2021 02:34:30,Evelyn Cline,103166225962247174493,4,
04/11/2021 00:45:25,Jeff Mueller,115446272794192673773,4,
04/10/2021 19:25:09,Katelyn Delaney-Iannello,107264427198287908149,5,
04/09/2021 11:45:26,Kevin Saint Clair,116017590872233373439,4,
04/06/2021 21:31:21,JuicyKCC,103365383982366540218,4,
04/05/2021 00:21:19,Black Diamond,112825226486688191168,5,It's a really good place to take your kids for good clean fun
04/04/2021 18:39:29,Jennifer Caswell,105883454901787624202,5,
04/03/2021 13:24:37,Evelyn Romero,118092587557068504085,5,
04/02/2021 19:52:14,Madeline Martinez,115570507205830622635,4,
03/24/2021 21:22:29,Bill Dolbow,103701914010771360631,5,Great place to get your swing back after the tuff winter.
03/24/2021 01:40:33,Jason M.,110604475130883426055,5,This my go to park. Kids love it here.
03/21/2021 22:25:32,Mark Higgins,109826998542593309129,4,Nice range
03/20/2021 04:28:05,Edili Nunez,110317326407548538371,5,Nice park and great playground
03/15/2021 18:37:53,Anthony Thomas,103171056289383721292,5,
03/07/2021 23:53:19,V3xX21,102104802628960688209,5,Good environment love to come here with my daughter and people so far are respectful
03/03/2021 21:24:34,Rebecca Hagerty,110824218817721462833,5,Great place
03/01/2021 00:32:55,Qiana Baker,105224644391385341113,3,
02/28/2021 06:31:47,John Flores,106375186015340662539,5,Good hills for sledding on snow days
02/25/2021 07:35:16,nagi shammout,118398309245901651786,5,
02/25/2021 01:39:43,B,115592523284087982125,5,
02/24/2021 03:01:15,Danielle Sharratt,101340171307099476539,5,Sledding was awesome
02/22/2021 18:33:12,Mirtha Courtney,115816270091143548285,5,During winter season this park is so beautiful when accumulates snow. It is so perfect to sledding. It has a renewed playground.
02/22/2021 02:18:54,Sysomphone Phomphimpha,105949375768622549738,5,
02/21/2021 18:54:19,Sprocket,114950490367998599291,5,
02/18/2021 04:50:10,Mary Krzeminski,117716423583181997710,5,
02/16/2021 17:43:34,Chris Steinke,114589535727218549626,5,
02/12/2021 23:20:29,Angela The Illest,112276108568836918385,5,Perfect sledding area. Nice jungle gym too. Well lit and safe
02/11/2021 19:04:15,Darnella Douglas,106862010952458625888,5,
02/08/2021 21:22:43,Yisroel Brownstein,100663119256492408073,5,It is exactly what  They describe online. Had a total blast! I was out cold after running around with my little .onster
02/08/2021 13:14:24,Seth Hall,105001349278129419049,5,
02/07/2021 01:02:52,Ruth Donnelly,118242244758742780145,5,Out for the day with my Father and he enjoyed watching the kids sledding
02/06/2021 21:08:27,Edyta Zielinska,101055557962196740229,5,
02/02/2021 00:59:43,Despina Twyman,106426667922208840114,5,Great place to sled!
01/28/2021 17:53:28,Affordable Fixes heating cooling plumbing,105060449632736491787,5,Very nice workers
01/27/2021 20:01:17,Matthew Mckelley,115370610870443268806,5,
01/25/2021 20:06:15,Anous Gill,101533203384771514102,5,
01/20/2021 03:37:44,Lovecity267 Hollman,105065627122011281900,5,Extremely friendly parents and kids
01/17/2021 22:27:43,cinder barry,104346706674721732737,5,
01/17/2021 22:14:59,Mehenni Hamamouche,108207708700812075131,5,My kids loved it
01/13/2021 20:31:19,Yovanny Suero,109044743114561755151,4,
01/12/2021 00:51:28,Andrew Hocker,112735051094339465035,5,
01/12/2021 00:42:39,Thomas Palmer,112065828057561863306,5,
01/10/2021 22:18:16,carlos castillo,106441682780244375626,5,
01/10/2021 18:54:16,Chuck Jacoby,116715778677604149488,5,Best snow sleading hills in Philly area!
12/26/2020 20:10:51,BryanM,113399702537790262944,4,Cold
12/25/2020 17:16:54,Ali Raza,111007300904879186314,5,Best park
12/21/2020 20:48:43,Edwin Ramirez,117418556837267540805,5,
12/18/2020 23:19:59,Nitish Jaiswal,102795856392353136714,5,Great for sledding!
12/18/2020 02:31:04,Chad Hyams,107546293392794439908,5,Love this place for sledding in the snow.
12/17/2020 19:33:09,Joey De Salvo,107156296584568041627,5,The best
12/13/2020 19:49:13,Brooke Christina,115154344747024017189,5,
12/13/2020 01:21:17,Bernita Salley,106797134054635346776,5,"Enjoyed visiting, under new management. Did you know you can golf outside during the winter. They have about 12 or more heated tents to continue playing outside."
12/08/2020 20:50:57,alex john,109753251531252757571,5,
12/05/2020 00:36:15,Kay Bee,115504839530271771410,5,
12/03/2020 11:59:18,BERNO 215,105618951665077599454,5,"Nice park with a playground for a picnic, walk or sledding in the snow. Mini golf, driving r√†nge and batting cages right nextdoor."
12/02/2020 01:20:18,Lj Lee,118320633527015380235,5,Heated in winter time perfect
11/24/2020 16:43:27,John Wooden,102660605019083543503,4,
11/23/2020 14:11:36,Eric Bell,103927021421275670581,4,Too cold for dining outdoors when they were running out of propane.#2020
11/17/2020 20:37:39,J K,116696078847873716986,5,
11/14/2020 15:06:38,Raheem Slappy,101770692931999660255,4,
11/12/2020 15:42:04,Leilani Pritchett,117271078867002121456,5,Fun. Clean. Safe. Will return.
11/09/2020 19:50:29,Riham Abuali,108691087523784315422,5,Very nice park just wish people didn't throw their trash everywhere. My kids love coming here!
11/05/2020 18:55:12,Rose M,112615838866815628972,4,"Love to bring my kids here & watch the sunset go down. Plus my girl's like this park bc normally not alot of people or teenagers hanging out. They have obstacle courses for all ages, benches to sit down & have something to eat. Sometimes you may see a bunch of deers running around too which is cool."
11/04/2020 20:23:45,Kyunghee Seo,117543342120619974684,3,
11/03/2020 18:53:34,Xtine M,112539262612949420717,4,
10/30/2020 02:29:35,Samo Garawy,112369744872269531059,5,
10/25/2020 15:27:50,Mitch Ell,101764876783933284578,4,
10/24/2020 20:38:07,Cerold Kohler,107168816884986133338,5,"Great places to walk.  Enjoy the fall foliage. Fish, Bike, Ride a scooter or just plain walk."
10/22/2020 22:43:45,mershane,101408301884122021097,5,Great place to have kids birthday party's. The grounds are very clean.
10/19/2020 16:34:18,Jacqueline Rubio,115081254401734779859,5,
10/14/2020 19:29:52,Chad Harris,116790889610999591558,4,
10/11/2020 05:20:23,Karen Jackson,105692169794320570688,4,I had a nice afternoon at Burholme Park with my grand children. Park was clean we at our lunch at the tables. There were parties going on also.
10/10/2020 23:55:00,Dante White,114721599683543506029,5,
10/09/2020 05:03:27,Tech Support,101056281556267098362,2,Bad energy
10/07/2020 00:02:26,Marcella Smith,113090814397828929755,5,
10/05/2020 21:42:39,Tahlia Simonds,116229817243038518054,5,
10/05/2020 21:22:34,David Diggs,118160926313164032279,5,
10/02/2020 17:59:04,Andrew Gyuraki,108121789436305299913,4,
10/02/2020 04:04:23,William Ulmer,105227588200617348225,5,Nice spot. Kids love the playground.
09/30/2020 23:59:55,Mike Syke,102611921946349712433,5,
09/28/2020 14:44:50,Dj Greggie C,100105268202323002684,5,Nice
09/28/2020 03:38:36,Jaa Dee,109793329239722299128,5,
09/26/2020 02:51:40,Charissa Davolos,102378764585850281118,5,
09/22/2020 21:15:00,Farrakh Gill,102048837580359960847,5,Nice place for walk
09/22/2020 03:42:05,Steve Straiton,108808624284061692943,4,Always a fun time!!!
09/20/2020 22:50:40,Oluwafemi Mora,101946036107454715993,4,Enjoyable place for fun with the kids and family.
09/20/2020 14:10:54,Jon Kusznir,111533204430602178149,5,
09/19/2020 00:04:54,Siobhan,108944220491023452214,5,Bad lanternfly problems
09/15/2020 23:43:57,Erin P Garrity,114785983432982748291,5,
09/15/2020 10:33:08,M. E. Pamphile,117420168518078677736,5,
09/14/2020 16:40:58,Vivian Villanueva,110219851054173410008,5,
09/12/2020 22:34:29,luis gonzalez,100600434648956664089,4,
09/05/2020 23:41:41,Penny Kroll,112293354625249722656,5,I didn't realize that I lived so close to such a nice park. Will visit it often now that I know it exists!
09/05/2020 23:39:08,kahlil floyd,113672544927468490383,5,
09/02/2020 23:01:41,Robert Faulks (Reese),113083461679459327980,4,I've been coming here since the early 2000's with my kids. I love the landscape. It's really nice in the fall.
09/01/2020 22:29:02,A. A Ponce,107256000747348922852,4,Good place to blow off some steam at the batting cage(Outdoor) or Driving range. Priced fairly.
08/30/2020 21:28:27,Stephanie N.,117381374006408199270,4,
08/29/2020 21:59:53,Mercedes Ramos,106305853334206294126,5,
08/27/2020 06:02:23,Nadia Sywkiw,105713934690011018401,5,
08/27/2020 02:03:48,Reda El Hannach,110611679384183604717,4,
08/26/2020 00:29:05,Burna New Phaze,114480481334249253228,5,
08/25/2020 03:39:53,mike christian,115575657360393660269,5,
08/24/2020 22:08:25,Luis Fernando,107526097953045649081,4,
08/24/2020 02:48:17,RAJE USA,106680327467291579477,5,Had a great game of mini golf with the kids
08/23/2020 19:05:31,Juan Rodriguez,104684115029956196041,5,Very rainy
08/22/2020 21:40:07,Stephanie Walsh,102545848358113027124,4,
08/22/2020 00:50:10,William M,111639516578317650805,3,Average place
08/17/2020 23:39:22,William Ulmer Sr,113742103403034718655,5,Another nice playground rebuild. Plenty of shade and benches
08/17/2020 23:16:22,Brad Wechsler,116518391705281278577,5,
08/15/2020 18:30:03,Mark Palladino,105360255502821498362,5,
08/14/2020 17:35:58,TMT Taj,109662619355001140968,3,Good
08/12/2020 05:56:39,Migdalia Dancel,110046833074390006126,3,
08/11/2020 23:36:05,Emilio Martinez,109072312072214371412,5,Nice
08/11/2020 02:56:12,Lorraine Eschert,109422589806255767407,5,Plenty of space for outdoor activities! Free parking too!
08/05/2020 23:33:15,Jacqueline White,101869400962501542201,5,Reserve the Pavilion for a baby shower in 2 months it is nice and big much bigger than I thought is bigger than a full room. Social distancing should not be a problem
08/04/2020 06:32:15,Christopher Vance,114206629171798677342,4,It was a fun and interesting experience .
08/01/2020 22:22:24,Mitchel Jean Louis,111994748071815190547,5,
07/30/2020 09:17:50,Faith ‚ÄúFrankie‚Äù Taylor,116665829443069934350,4,
07/27/2020 00:33:34,Joel Castillo,103338754232310645198,5,
07/26/2020 15:10:49,Edward Kligge,116297171196915984501,5,Mini golf and batting cage went over big with grandson.
07/25/2020 15:42:49,Sean Mc Loone,101177949568055679384,5,
07/22/2020 19:47:30,Pierre Noel,111993578106160706996,5,
07/19/2020 19:26:37,John,102305480649053052053,5,
07/16/2020 13:35:42,sahli doria,100433527669043415028,5,Nice‚ù§
07/13/2020 01:08:22,T Junior,110270848617563041303,5,
07/11/2020 23:39:13,Jared Patton,114539097389539542673,4,
07/09/2020 04:11:18,Elizabeth Crosson,107492827959735393935,5,great n peaceful place. grass was cut n was so pretty
07/08/2020 00:22:15,Beata Harwood,116922292662915927410,5,The best Mini golf around!
07/07/2020 23:41:16,Tarrea Mathis,112667751735780304229,5,
07/05/2020 19:34:55,DefLearningChannel,112169680152625114984,5,Need and my daughter enjoyed
07/05/2020 17:36:15,Evan Miller,104243569131594240655,5,
07/05/2020 02:04:06,TheLagisReal215,113953711305339346953,5,Great fireworks and people
07/02/2020 11:14:30,Robert Campoli,107611892904971298688,5,
06/30/2020 21:21:36,Ann Jordan,105397927668698351038,5,Great place for the kids to play
06/28/2020 13:03:31,Diane Kelly,102427470273725607572,5,Shade enough to have a group of friends with chairs to be socially distanced. A little oasis right off Cottman Ave.
06/27/2020 02:52:41,Pun Ket,118204849663710566129,2,Park itself was ok and good to be around when you don't want to go to center city park area
06/24/2020 13:10:47,Rasheik LaTorre,102900969260425799637,4,
06/22/2020 19:51:45,Doug Warren,108024743676198074585,5,
06/16/2020 15:41:32,Clifford Burton,109281515732082895834,4,"Grt, a vry nice warm breezy afternoon n the park."
06/15/2020 16:36:43,Carlos Crespo,117175402348317654239,4,
06/14/2020 21:27:42,Chas Harris,115068454019541621342,5,Great public space
06/13/2020 00:41:48,Dave M,107054381724144974773,3,
06/10/2020 18:42:29,Richard Beckhoff,103680568731610810506,5,
06/10/2020 03:21:31,GREG DANIELS SR,116091881325936831009,5,
06/10/2020 01:16:24,Laura Lucas,103694423812971759633,3,
06/08/2020 01:03:38,Mariemax Antoine,112709056547149003758,4,
06/06/2020 19:33:56,Carlos Rodriguez,116844545586648094283,5,Very goid
06/06/2020 16:15:07,Evelin Veras,106898660555337018462,5,
06/03/2020 14:42:58,Brittany Bey,113500193844340229070,5,
06/01/2020 16:02:11,musa tajaldin,109677870201566434156,5,Because it talks you ever thing you need to know
05/30/2020 17:26:04,Kyle Herrmann,106914745725775014894,5,
05/30/2020 00:16:25,Shawn Varghese,109859396151867343471,5,
05/24/2020 19:09:29,Bob Brown,111754566061736695808,5,Nice clean park
05/21/2020 19:18:46,Julia Reynolds,113065460173017641482,5,Very clean
05/08/2020 08:40:49,Marybeth Kelly,110021001699302124082,4,"I guess 4 stars? The place looks nice when I drive by...? I don't know why it came up in my timeline because I've never stepped foot in that park. Kinda odd because I only live about ¬º of a mile away, but I've definitely never been there."
03/07/2020 22:31:09,Huy D,113266531347363959587,5,Beautiful place for some pictures. Nice to see some nature and such a city
03/05/2020 01:15:22,Jen Berg,105592797329535783035,5,"Such a pretty place, plenty of parking, nice walking trails. Nice scenery and convenient location."
03/02/2020 05:49:34,Boss Bitch,111244273467060504771,4,
02/23/2020 23:54:54,Chulo Chulo,115074895363137101901,5,
02/22/2020 18:51:48,FlamingoX,111106282324963671564,1,Bad kids
02/21/2020 16:43:49,Jennifer Bremme,105636947864983052588,4,
02/16/2020 16:59:26,Debra Deitrich,115561084507853173215,5,
02/15/2020 05:18:28,Matthew Lennon,117678632258357330486,5,Nice place to walk the dog. Also a good place for family's to bring there kids.
02/07/2020 14:27:50,Marty Ryan,111911522517200343858,5,Nice place to bring kid
02/03/2020 19:31:31,Eduardo Texidor,117371450238553751878,5,Nice quiet place for a walk.
02/02/2020 21:23:39,Juan Velazqez,100172221920458723201,5,
02/01/2020 01:31:00,Erica Schal,103567866550346641698,5,Multiple sections of play areas and smaller child section separated from bigger kids. Special needs swings. They also have a library and multiple picnic tables. Nice bike path for toddlers also. Lots of parking and shade. Ground has that soft padded bottom made to look like real ground and we'll maintained
01/29/2020 19:11:22,John Kelly,105794650386031655800,3,
01/28/2020 10:39:14,Lonnie Gordy,103189958267969547696,5,Good place to take the family
01/27/2020 17:54:38,Steve Nagle,108202818768692612933,5,
01/22/2020 12:20:00,Olfa Rodriguez,107609181495918790462,5,
01/20/2020 16:39:48,Regina Oswald,102862023667134501934,5,
01/20/2020 03:28:44,Kevin Smith,103446095706006541039,4,Nice big park Very impressively clean
01/18/2020 01:13:46,Stephen Walinskas,104522059265614597450,4,Very clean and family friendly
01/15/2020 19:03:21,MICHAEL HARMAN,108442159427260165846,5,
01/13/2020 12:57:44,Rose Carter,117514975665011502143,5,Good food üéÇ
01/12/2020 05:27:39,Young Vito,108399240229541955617,5,
01/11/2020 20:27:24,Dora Riley,116487419790994062868,5,
01/11/2020 19:03:55,Chuck Kuhar,112104758340860899699,5,
01/02/2020 07:49:36,Oranda Whyte,116794275526467468863,5,
01/01/2020 22:07:57,John Ashton Ashton John,115864706434523759968,5,
12/26/2019 13:38:39,Debra Deitrich,117852502909412221508,5,
12/12/2019 06:59:29,Marie Gabriel,115395587320502548633,5,
12/08/2019 22:23:43,John Lang,109773421487082288349,2,
12/06/2019 11:35:13,Q. Mosley,103133520630645287518,5,Love this park for my family.
12/02/2019 22:14:51,Debbie Devine,102050252551344737611,5,Loved the whole experience.
11/30/2019 13:33:04,John Cr√©√©,115257677399120324696,3,
11/26/2019 14:54:35,NIC FEL,112202766162945458928,5,Awesome views when you get up high and a playground there.
11/25/2019 05:10:07,Mirka bill,108519456956943885283,5,Nice
11/24/2019 02:03:20,Banam Bsnsns,113700483194367855032,1,
11/22/2019 04:01:54,Robert McCloud,117364172415327698143,5,Yours kids will love it there pet friendly
11/22/2019 02:08:32,Elba Jimenez,112446113591883376021,5,
11/22/2019 00:09:57,Leonel Castillo,101197675379833786881,5,
11/19/2019 19:45:33,Raquel Sessoms,117868575588526170420,5,
11/13/2019 15:36:09,Carl Gershkovitz,100265279521418156344,3,
11/10/2019 11:11:32,Larry Brown,108286400862417110755,4,"Authentic bbq, counter service with large dining area"
11/03/2019 17:51:06,Thomas Ziegler,118007796086441687703,5,Grew up here so I love the place
11/02/2019 16:10:48,Charlene Rosenberg,110003154702417521878,4,Great fields
10/30/2019 07:25:33,Milagros Rodriguez,105280186138536036203,4,
10/30/2019 02:54:49,Lawrence Greenberg,115585619555616732147,5,
10/28/2019 13:42:46,Gerri Mcadams,101579605127988200266,5,
10/26/2019 01:41:04,Chevel Lee,112718459767253878989,5,
10/24/2019 17:44:11,Dana Carpenter,105729476349170027299,5,Relaxing
10/20/2019 17:26:21,deukman bin,100228988397159820828,5,
10/19/2019 23:21:01,Michell Emanuel Gulzar,105345406122675564092,4,
10/19/2019 22:11:38,Pat W.Farris,110194208438297547440,5,
10/18/2019 02:50:28,Cheryl Davis-Miles,116491143531504083403,4,It was very nice!
10/17/2019 02:10:56,PhillyNEFL,114687483933640076042,4,Whether you want to get some swings in the batting cages or the driving range Burholme has it covered. They also have a pretty nice miniature golf setup. The park is the place to be whenever it snows because they have the best Hill in the northeast for kids & adults to sled down. There are picnic areas in the park as well as a football & baseball field. There is parking around and inside the park.
10/13/2019 20:40:56,Abigail Applebaum,114184785121821997275,5,Its very clean
10/12/2019 08:03:20,Susan Lites1,111987395985857207213,5,Beautiful
10/10/2019 22:13:16,zee garcia,105910444409070740034,4,
10/08/2019 22:42:37,Muyiwa Togun,103159480814629346092,5,
10/05/2019 22:48:26,Rob Walser,100195863456236072303,5,
10/05/2019 19:55:37,Calvin Ross,109039400905751990465,4,
10/02/2019 17:55:00,Susan Bogush,105158810475615568521,5,Great place for a picnic
10/02/2019 06:02:44,Craig Parker II,110549262284357845839,4,
10/01/2019 22:54:02,Sofiane Mef,101641593468173655667,5,
09/30/2019 19:18:22,Joshua Mignott,116444936131620055204,5,
09/30/2019 16:40:44,carl birkin,114700940065738652895,5,
09/26/2019 15:51:07,Marta Cruz,118187064469892434621,5,
09/26/2019 00:12:58,Rose Murray,111725560760563325684,5,I love taking my girls to this park bc I also get to see and watch the sunset with my fiance.
09/25/2019 18:26:21,Gregory Laurie,106660957093080646188,3,
09/24/2019 16:06:13,Maureen Wynne,113210909170134567118,5,
09/24/2019 13:21:15,Loretta Smart,111470173072956099880,4,"It was fun for the kids ,you can have family get togethers ."
09/23/2019 02:56:38,Shawn H. Bibbs Sr.,100151293378449701755,5,
09/22/2019 14:44:44,Sana Ab,110996438223188537304,5,
09/19/2019 11:59:18,Lawrence Almond,101460332910673925478,4,Quiet
09/17/2019 22:54:49,Luz Rosado,103489866897166972060,5,Un lugar tranquilo para relajarse observar la naturaleza
09/16/2019 23:42:36,cunningham el cunningham el,107209916332046383425,4,"Nice sized park and kids jungle gym area, lots of trees and privacy away from people's homes in case of small gatherings"
09/15/2019 01:52:30,Amel O,100441485580642674813,5,
09/14/2019 20:00:10,Jay Cortez,109151932114191942925,3,
09/14/2019 12:00:33,Being Frank,107844986682200435981,5,Went here with my Grand-daughter. They really fixed the place up for the little ones very nicely indeed.
09/13/2019 19:46:38,John E Drach,106661677237977105415,3,
09/12/2019 19:51:18,Jason T,104080010425653136754,3,Nothing special
09/12/2019 10:45:37,Helen ‚ÄúCrystal‚Äù Wiggins,110188329115750371136,5,Great place
09/11/2019 19:00:58,Hajib Miyagi,114500449931347279324,4,Clean open areas with activites
09/09/2019 01:35:37,Jay W. Hill,104205446173926419164,4,"This is yet another hidden gem in Philadelphia. The small museum of Asian artifacts is a treasure trove of items of almost unbelievable craftsmanship. The story behind the house and its eventual establishment as a public park, public library, and museum is unusual and compelling."
09/08/2019 18:44:14,Sandra Coates,104133949974354222323,5,This senior site is beautiful the curb appeal is well kept if the outside is clean it stands to be clean in the inside it's steps away from easy transportation to every part of the city I've waited five years to move there on waiting list I hope I can wait some more
09/07/2019 11:00:05,Pete Su,117145664111852369345,4,
09/07/2019 01:51:14,Metro By t mobike,102673460262083635593,5,Great
09/06/2019 15:21:50,Marc Weintraub,107691247564677882284,4,"The picnic grounds are well maintained. My criticisms are no recycling containers and insufficient trash receptacles.

We had a group Labor Day picnic and enjoyed the park very much."
09/06/2019 01:25:17,Kelsea Burkholder,105322746037950268332,5,
09/05/2019 20:28:19,Jason Aguado,117900161053615252846,5,
09/03/2019 06:32:06,Kelly Christine Trimmer,101923983632429861314,4,
09/02/2019 21:23:03,Richard Cunningham,101529784954737070628,5,That in the picture....oh boy
09/02/2019 17:50:20,Tracey Scott,101147231883902551034,5,Park was well taken care of. Grass was cut. Truly a beautiful  park.
09/02/2019 03:18:08,OG Saltfish,109041072240773379237,5,It was nice n peaceful
09/02/2019 02:58:57,Bob Slurzberg,100545023702397846837,5,Very easy to get to and park. Beautiful scenery and fun playground.
09/02/2019 00:52:40,Leondus Whittenburg,104218235337272710866,4,
09/01/2019 20:32:39,Luis Lebron,112984773611910444020,5,Good park
09/01/2019 18:36:31,Robert Barrett,112985958804544744712,4,
08/31/2019 19:04:10,Joe Stansfield,117347634592696502839,5,
08/30/2019 00:35:54,Martina Gil,114649751076400593196,4,
08/28/2019 01:50:56,Rick Green,109430172804293413891,5,
08/26/2019 21:40:34,Tanisha Brown,118385845013672831379,5,
08/24/2019 19:35:09,Romarcos Paul,109016134297158471236,5,
08/23/2019 12:17:52,Lisa Macsisak,103567264583988352946,5,Had a great time at the miniature golf course. Very clean with lots of trees and shade. I highly recommend!
08/22/2019 18:41:46,Rita Matthew,118273042237852159776,4,I'm
08/21/2019 02:47:29,Mary Cotto,101619203343753430856,5,
08/20/2019 16:54:57,Ann Jordan,118232987827052799698,4,Kids are great and nice and the park is clean
08/20/2019 16:29:38,L.S.N.,117669769421897840012,1,They don't believe in public bathrooms. Just find a big tree.
08/19/2019 00:33:16,Kellyann Campbell,109927914986820435934,5,
08/18/2019 21:18:35,Michael Brown,116100278441380821365,5,Very nice equipment for the kids. Parks on tap was great.
08/17/2019 20:53:34,Nick Fortes,109897700606355446473,5,
08/17/2019 19:28:57,John,108929135233221046108,5,
08/16/2019 18:47:46,Nolan Yeager,118408061786693259309,3,
08/16/2019 09:58:29,Yasser Sidhom,116591790879363758452,5,Very nice park
08/15/2019 13:02:00,Susan Jackson,104954260735745044383,5,"I love the beauty of the grounds and the wildlife I see. I also love the Museum (Ryers), plus it's 2 blocks from my home."
08/13/2019 12:08:36,Miranda Veloz,100983456350963037905,5,
08/12/2019 19:59:52,ERIK Gaskins,100759834647185343910,5,Great place. Clean nice place for kids to play.
08/12/2019 19:16:04,urbano herrera,117791030652320772056,4,Esta bien para que se visit√© con la familia y pasar un rato agradable
08/10/2019 16:14:02,Christian Communialist,105401985600370816655,1,No bathrooms
08/10/2019 00:50:18,Angel Velez,112446489348080084210,2,Great park but NO restrooms?!?
08/08/2019 22:14:28,Anthony Graciano,113410486102612986735,5,Always an awesome time!!! The prices ate reasonable and the place is always clean and well maintained
08/04/2019 19:06:35,Amber Sapiha,106738010654141967728,5,
07/31/2019 16:31:59,Amanda Tang,107331544301298280766,5,"Nice, quiet, secluded park."
07/31/2019 15:51:33,Angel Davila,105968494207687476040,5,
07/30/2019 16:33:30,kim miller,111126108935521117527,5,
07/29/2019 09:26:53,Yaz,115973667765532811361,5,We had a great time for my daughters 5th birthday. This place has outdoor golf and batting cages. You have to be 6 and older for the batting cages. But the golfing was fun! Prices were affordable and all. And you're allowed to bring in your own cake
07/28/2019 21:33:33,lawn Guru,106922907528618115392,4,Nice family center üëç
07/26/2019 02:36:07,Lisa Pannell,117481009366366843775,4,
07/26/2019 01:15:36,Veronica Oconnor,110146438959280573993,5,
07/25/2019 19:52:24,Carol Beal,103497327343861788598,5,Needs work
07/23/2019 11:16:18,Ramona Howard,113865235172218371433,5,Love this park
07/22/2019 15:22:55,Michael Owens,112178689893973401531,4,
07/22/2019 11:05:20,Roxane Henning,110554052603109963331,5,Been coming since I was a kid. Clean and well maintained mini golf. Staff was friendly too.
07/21/2019 04:02:20,Tiffany McGee-Richardson,103897525419428800987,5,
07/20/2019 06:27:49,monte millz,105419540152329419391,5,
07/19/2019 19:33:34,Rainey Houck,117468523626042374541,5,
07/19/2019 12:39:33,John Sender,100301338380291845498,5,
07/14/2019 20:50:59,Timothy Mitchell,116971773236659200916,5,
07/14/2019 07:35:51,Matthew Kelly,109625652159816200955,5,
07/14/2019 01:00:15,Jo MoneyKing,100965300808035867326,5,
07/10/2019 13:13:25,Rafael Lozano,109190186271321541668,5,Algo  bien
07/10/2019 08:30:23,Juan Vargas,116344369065631510998,3,
07/08/2019 16:28:43,Shelly Cintron,117243611402467147076,5,Great park to enjoy with the family
07/08/2019 00:16:21,Jiyeon Yoo,101354716783525229055,2,Not much going on here. No bathrooms.
07/07/2019 12:59:59,Ismael Sanchez,102346434775855675044,5,
07/07/2019 06:55:57,Tyrone Norris,111259511061103417455,5,Grands and I had fin
07/07/2019 02:42:24,d g,103197882194674344424,4,
07/05/2019 23:17:01,CJ82,112409015766678340258,5,
07/05/2019 20:56:01,Darlene Armstrong,106195244825463633635,5,My kids played sports here. And we worked out here yesterday Morning.
07/05/2019 11:15:37,J Mac,101857900141061232931,5,Great
07/04/2019 23:14:08,Catherine Jones,109157866723093609153,5,
07/04/2019 06:48:42,Robert Suplee,108869186417284013919,4,Nice quite place.
07/01/2019 14:35:33,william bowdren,100339168556006582829,5,
06/29/2019 15:55:26,kimberly barclay,110718662312082380890,4,
06/28/2019 06:12:28,Lola Davis,105017577594664562499,5,Very nice
06/28/2019 00:27:39,Ashley Corsey,105943592435144746690,5,
06/27/2019 12:39:51,Felito Valera,106929925599281442851,5,
06/26/2019 00:03:06,Michael McGurk,102491136565813829305,4,Great place to get away and have some fun with the family or just by yourself
06/25/2019 21:14:54,Robert Conn,116419463082601035131,5,Kids had fun
06/25/2019 19:44:03,Dajuan Jeffreys,117219613695634297688,5,
06/25/2019 18:22:31,Amanda Diggs,104806078363032650016,5,
06/24/2019 00:29:36,Melad Eissa,117812036947366459580,5,
06/23/2019 21:22:01,frank costanzo,104998683734436175698,5,Been going to Burholme golf for years.
06/23/2019 18:55:55,Dewayne Martin,107436875943383327083,5,
06/23/2019 11:22:24,Marion,101417532212687245955,4,
06/22/2019 00:09:38,Kara Wall,110545606972072880956,4,
06/21/2019 15:46:30,Kris Evans,108256587249422969720,4,"Mini Golf was a blast, but don't expect any modernization."
06/18/2019 16:40:55,nilsa laya,107142863764023322726,5,We need more pubic tables only see one
06/16/2019 19:12:33,Marquita Taylor,110596020323860365977,4,"Had fun very nice park, took clients there."
06/16/2019 17:11:50,John Tait,108973226588205482119,5,
06/15/2019 23:53:27,Briana Wilson,106721349925014235182,4,
06/15/2019 14:20:25,Robin Kinnibrew,117949517305013063705,4,Ok
06/15/2019 12:02:52,regina knight,102195548421455972992,4,
06/14/2019 00:15:37,Dawn Sampson,100210309095316827645,5,
06/13/2019 13:36:12,Kareem Mitchell,113030248173031902848,4,
06/11/2019 23:05:50,Darren Thomas,117836065829608368736,4,Cool spot to hit some balls or a little putt putt acrion with the family.
06/11/2019 13:23:21,Falen-Skyy Wood,109513426547755367622,3,
06/10/2019 20:28:51,Mami Metro,112981117496350405120,5,"Spacious, family friendly park. Children have a variety of exercise equipment including a Very Large Swing for children w/special needs."
06/10/2019 16:40:54,Angel Matos,117522199978963127676,5,I love the wilderness.
06/10/2019 15:08:04,Erica Otto,116311785326003021144,5,
06/10/2019 13:24:58,Guillermina Medina Dixon,109602623377629967166,5,Luv ‚ù§Ô∏è it
06/09/2019 20:56:41,Roman Pryszlak,109876348018702617979,5,
06/09/2019 20:31:00,Julia Forbes,111377232315796770988,1,
06/09/2019 03:25:56,geoffrey rojas,111545819821794828616,4,Lots of stuff to do here.
06/09/2019 02:14:57,Bryan Jones,112397166850596100120,5,
06/09/2019 01:20:55,Momming on a Budget,111637187828468834194,5,Great place to take the kids of all ages !!!! Tons of clean safe age appropiate equipment as well as open grass space for picnics/games. The crowd is very nice as well as diverse.
06/08/2019 19:58:55,Shelly Pigford,108794493349414999095,4,
06/08/2019 01:30:44,Humberto Henao,117651767916542907583,5,
06/06/2019 08:35:48,Jared E,101008122874675981790,5,
06/06/2019 03:47:52,Emily Cajigas,111951096220511610737,4,Great location for a cookout with family and friends.
06/05/2019 11:59:33,2G LIVE,116256598625524579656,4,
06/04/2019 20:43:10,Melanie Carroll,105182330389980050583,5,
06/03/2019 23:57:36,Mike Obie,104531278046848227597,5,
06/03/2019 23:40:15,Coleen Hill,112664980598276772877,5,
06/02/2019 23:46:42,nathan burgess,108709039783509749411,5,
06/01/2019 01:02:13,Arianna Says,111253110572162309463,4,CLEAN NEWER PLAY GROUND AREA NOT BATHROOM FRIENDLY
05/27/2019 16:34:07,Isabel Lopez,101562770006000551034,4,
05/26/2019 16:53:24,Jenna Karpuk,108173451993179290295,4,
05/26/2019 12:36:41,Ennis Sigler,101637000255987342900,4,
05/25/2019 23:46:40,Dennis Silvasy,117375272176781842550,4,Blast from the past.
05/23/2019 18:21:31,Orange dino 221 T-rex bundle,117094027748026785101,3,"As far as the park having new equipment and being clean it's great,  but this morning there was 2 adults there without children under the restroom hut looking suspicious ,  I don't know exactly what they were doing but I didn't feel we were safe and we left ."
05/23/2019 05:22:26,Hellen rios,101789283098079802752,5,
05/22/2019 12:53:04,john garvin,103438904358145447637,5,Really nice park has a driving range putt putt golf for kids plus batting cages with regular baseball and softball and a big giant Park to go with she did have a picnic with the family nice one of the best in Philly that is still taking care of the rest of the parks see you don't care about only one left that I know God bless
05/22/2019 00:13:28,Arnetta,105605666537628521167,4,Great area!
05/21/2019 11:01:03,KillZz _OnTwitch,102547607016652793019,5,sooooo fuuuunnnn
05/19/2019 06:44:59,Arun Roy,111511098308128604539,5,
05/18/2019 13:49:55,Chanese Knox,118269934590303653354,5,"Very nice, clean, quiet park"
05/16/2019 12:06:41,Reynaldo Rios,108453709490742490043,4,Nice little park for being in the city.
05/15/2019 08:31:01,Jay Swenk,103813894762808257278,5,
05/13/2019 04:01:50,klm mc.,101928420960372760211,5,"Always enjoyed Burholme Park, took my son there when he was little and now my grandson"
05/12/2019 13:13:54,Kenneth U. Caines,101538163811375691263,4,Staff was very polite.
05/12/2019 12:09:23,Giovanni Ming,100170466406878999424,4,
05/12/2019 11:41:38,Antonella Rivezzi,107074190396893717411,3,
05/11/2019 18:05:20,S Gmom,113827908142783209281,5,Great time great prices
05/10/2019 20:40:31,Tim Burns,105219992045261502520,5,Great driving range with covered and uncovered stalls
05/10/2019 00:27:37,Let Go,111212957822289706198,1,
05/08/2019 21:15:52,jakob reed,111655577096036892489,5,
05/06/2019 19:49:52,Felix Delgado,106994184301556516348,5,
05/02/2019 02:20:29,Likitax,109629072848194084829,5,
04/29/2019 09:38:16,Show and Tell Vapes,100022877836123490036,5,
04/29/2019 06:15:47,Jesse Elsetinow,105758248489105573260,5,Nice park for the kids to play at
04/27/2019 20:24:39,Marty Myers,113520981027698309003,5,Ball fields and a newly renovated playground for different ages
04/25/2019 06:44:26,suzy czolno,109496158463735940441,5,"Beautiful landscape, clean, safe,our fav so far"
04/23/2019 17:18:35,√Ålvaro Guevara Conde,102290882819128817158,5,Beutiful
04/23/2019 15:03:37,Vuong Le,114741708956626680617,5,"Nice wide view driving range, around 20 stations, a third with shade. There's a 200 yard marker probably maxes out around 220 yards. The range is north facing so the sun isn't beaming at you when you look up after hitting. It's got putt putt golf and also a batting cage (never used it though)."
04/23/2019 01:54:27,Michael Bohm,105767007692303304931,4,
04/18/2019 18:38:00,JVLog Jorgexxv (JVlog),115316804579393693721,5,Best park everr
04/17/2019 16:27:12,Aracelis Torres,103573685731356937923,5,Lots of fun and good prices.
04/16/2019 12:59:52,Ken Sim,114706184878345521134,5,"Fun for all ages to play miniature golf with friends or family, golf range and Baseball/Softball batting cages with different speeds."
04/15/2019 19:19:26,iR0nMAn_AF,111710439467719425101,4,After the years it's still well kept but the batting cages really need some updating.
04/15/2019 00:27:08,Aaron Barnett,102901908632145976775,3,
04/13/2019 22:41:53,lavender carmel,115610273881280348212,5,
04/13/2019 21:12:53,LISA LOPEZ,106280671972901628079,4,
04/13/2019 19:09:14,Amber Abrams,106257382754316880764,4,
04/13/2019 17:43:05,Kay marie Boblenz,113870734224808551292,5,What a great hidden gem!!! Must see and free!!
04/13/2019 13:05:29,Alexandria Davenport,105582676525117164455,5,
04/11/2019 02:06:53,bri del,111877320274115543530,4,Nice place to minigolf
04/09/2019 21:10:23,Ekaterina Myakish,104281535232709950088,5,"Beautiful place, playground for kids, picnic spot for barbecues, football field for soccer practice, enough space to walk your dog. Nice little park in the neighborhood"
04/09/2019 12:54:18,Jesse Carter,105152651743293516314,4,Beautiful place to sit down and relax.
04/08/2019 22:54:21,Jay Swenk,106085125295116943501,5,
04/08/2019 16:38:42,Malliena D.,106633405956702432351,4,
04/07/2019 21:03:56,Natalie Counts,113454536745326136495,4,Very nice.
04/07/2019 17:57:15,Kim Coles,107277143899047633914,5,Great time. Good prices. I took a 6 yr & a 10 yr.
04/06/2019 20:56:20,Patrick Schumaker,101753115147861634634,5,"Brought my son and my younger brother and sister here for mini golf. Was a great time, very busy on the weekend, especially with the nicer weather. If you're looking to play minigolf make sure you have at least an hour to make it through the 18 holes here if they are busy."
03/31/2019 01:07:22,Liju Thomas,106684343488733877406,4,
03/27/2019 15:05:03,stacie_ 3130,100407235011477416001,4,
03/09/2019 21:35:30,G√∂khan √ñzden,115904532533435792486,5,Great park for kids. There is a big playground and it is usually dry because it is elevated.
02/20/2019 14:24:59,Tye Tye,111564231492548374339,5,Kids love
02/06/2019 13:21:30,Wayne Evans,110485162392222776954,2,I Don't go there.
01/27/2019 20:15:24,Victoria Dowling,102068567997086755249,4,
01/20/2019 17:18:45,Zeus,117678685359496868626,5,
01/12/2019 19:46:12,mave diller,103792480207775610773,4,Always enjoy taking my family here and playing
01/11/2019 19:40:07,Curt Eckstrom,106616898320137620419,4,Ryers museum free admission and library
01/06/2019 22:34:53,Kostiantyn Denysenko,105996353036301895706,5,"Very nice place. The main thing you can come with children. There is a wonderful playground equipped for children. Special simulators for the development I was very pleased. Also drew attention to the swing for special children - with increased protection and for very young. Got a genuine pleasure to visit the park. The children were also delighted. Simple, but very thoughtful and organic."
12/30/2018 22:08:01,Brian Hamilton,114091987288306274719,4,
12/21/2018 20:22:45,Gregory Hammond,115627808002313298402,4,Cool
12/13/2018 14:42:55,Jennifer Williams,116393664223888548703,5,
12/03/2018 23:16:57,James Muldoon,116367910565285084471,5,Great miniature golf
12/02/2018 06:35:43,Prue Rebitz,102346505691969461690,4,Was there for a Victorian Christmas Bazaar.
12/01/2018 22:54:32,Gerry Austin,108384952253690590098,5,I attended a Holiday Festival in the Ryers Museum. A lovely building with lots of history.
12/01/2018 12:23:18,Lamar Chandler,107586796102368393951,4,
11/26/2018 03:06:15,Robb Konczyk,117437889950429130971,4,
11/22/2018 21:48:22,Tiago Penedos,101064521977858292866,5,Love it had alot of sex in cars over there
11/17/2018 17:59:00,Rui Dasilva,104101081648557831080,4,
11/10/2018 19:04:30,Leevens Noel,110342701847662858827,5,
11/01/2018 23:10:59,De'morea Johnson,113387701296166402979,5,I really love this park!!
11/01/2018 17:24:08,Wayne Woodruff,104257091077561602594,4,Nice place to visit on a warm Fall day
10/25/2018 03:26:24,Francisco Bravo,113205673473811973326,5,"Awesome place to enjoy a date with your significant other if you like that stuff, picnics and an outdoor game or activity."
10/17/2018 22:18:03,Joseph Patsch,117808823431035456171,4,
10/16/2018 15:36:20,Lauren Smith,107556037772188014568,3,
10/07/2018 18:58:07,Curt Eckstrom,108396353086756882279,4,N A picnic
10/05/2018 20:00:15,Tawanna Taylor,102248289664932842429,3,
10/01/2018 20:13:15,Barbie ‚ÄúTemperance 14‚Äù,105189620908672007016,5,"X Beautiful,  peaceful.  I do my tarot card readings here."
10/01/2018 00:17:06,Jennifer sanchez,112850427054370438641,5,
09/30/2018 18:07:46,MARI C,118110229137346973695,5,
09/29/2018 15:42:09,Lisa Lambert,102942267516218699559,5,
09/25/2018 20:30:58,Jose Ortiz,107018543899187584975,5,
09/23/2018 20:42:45,Marcus Freeman,114181530781260153559,5,Great park for birthday parties
09/23/2018 16:21:09,Debbie Kenney,116903047392979473750,5,
09/21/2018 14:10:22,Mike Corner,108995013598395527000,5,
09/20/2018 00:30:09,Marc Schmidty,100056439689197636939,4,
09/16/2018 17:28:53,Michael Pinckney,100058876849210432925,5,Good place for kids to play
09/15/2018 22:29:56,Beth E. Finn,110202563379300269197,5,
09/15/2018 17:42:38,Daniel Capra,111556020513089262518,4,Burholme Park is a wonderful park has a lot of space a little shop good parking driving range Putt-Putt it's a fun time it even has a playground and sport fields
09/15/2018 02:53:10,First Last,100232211636620745929,5,
09/13/2018 01:14:02,Bernard Williams,117718042226802326190,4,Nice golf range and mini golf for the kids
09/04/2018 19:25:14,Pamela Lake,110514201104924452855,5,
09/04/2018 09:06:52,Kelly Moore,113788950451650745514,5,
08/31/2018 21:28:20,Fred Radtke,105595801530516100145,5,
08/29/2018 22:11:04,Jeanine San Lorenzo,103160885091297285911,5,
08/28/2018 23:06:49,Kelly Adair,102191561176616735147,5,
08/26/2018 19:23:41,Vainuupo Avegalio,117810766921534550691,5,Such a great open area. Games and people out enjoying a brisk cool afternoon walks. Kites flying and kids playing on the playground. Makes this place so much fun.
08/23/2018 00:34:13,Fern Klein,109434624420508999165,5,Great park
08/22/2018 20:32:48,Carol Haines,116819356911755463124,5,
08/22/2018 17:59:25,Smartgyal Rass,114374603199679579974,4,
08/19/2018 12:00:51,Robert Cherney,102160048824149014190,5,Nice and clean
08/19/2018 04:00:37,L N,115214142050135964230,5,
08/18/2018 22:36:40,Thomas Burke,102708119146202055859,2,"The park is nice but I was there for the lunch truck event today (08-18-18) which left a lot to be desired. In short, it was very disappointing."
08/18/2018 19:05:09,Christopher Darkheart,101443845912171391634,5,
08/18/2018 19:01:04,Duby Turboman,103694111975540892455,5,
08/17/2018 03:39:09,Sean Breslin,108602542224483585933,5,Great open space
08/10/2018 18:20:33,Leah Lockett Harris,103582123521337334332,5,
08/09/2018 17:14:39,Bill Johnstone,112865107233758994642,3,Nice mini golf.
08/09/2018 12:51:18,Demetrius Green,116745192833496511944,3,I always enjoy the park had a family get-together there last Sunday it was amazing only thing I think they should have the bathrooms in better shape than what they are in or have a attended come check the bathrooms
08/07/2018 15:13:47,Tony,110174034297027723126,4,"Nice park , bathrooms not clean"
08/04/2018 22:11:59,Dwight Greene,116043453943533881094,4,Great park
08/04/2018 18:36:55,Riqui Sepulveda,106011363804222628657,5,clean spacious park
08/02/2018 03:42:46,Jessica Staley,111672019277524753538,5,"Great public park. Some times it's alive with people everywhere doing many things, then other times, you feel calm and peace here."
07/29/2018 21:30:12,Zach Cain,114516545935865209724,5,
07/29/2018 21:02:48,Richard Rodriguez,115164446815205331968,4,
07/29/2018 04:05:53,Levi Freeman,116520562148140339344,5,
07/26/2018 10:50:06,Jacque Jackson,103981548865249984938,5,
07/25/2018 19:34:49,robbyn johnson,115934354765045399824,4,Nice park! Good parking space. Bathroom could use some cleaning OFTEN!!!
07/25/2018 02:46:54,Driss Atlagh,112544398604493488867,4,
07/19/2018 17:27:01,Shaylah,115347907916012267864,5,
07/13/2018 12:11:14,Matt Haggerty,101959216389878619524,5,
07/10/2018 02:08:33,Claude Gibson,114553700334319282807,4,
07/08/2018 00:25:44,lydia vazquez,110502804513309616453,5,
07/05/2018 12:38:48,richard smith,109589314506722140711,4,
07/05/2018 02:37:29,IZZY HERNANDEZ,102975103871385687631,5,
07/04/2018 12:11:16,Alualca j,108777573865172796951,4,"Huge fields to play ball. Nice playgrund with nice sitting area nearby.
Very convenient parking.
It could be the perfect place to spend a nice time.. BUT. The public bathrooms are the worse. Dirty, fecal matter all over the floor and walls."
07/01/2018 19:16:28,Stephen Taylor,111135841671231359232,3,
06/30/2018 16:48:57,J. W.,110451338393374851567,4,
06/29/2018 00:09:24,Colin Cleary,101116458616576481526,5,
06/27/2018 19:09:45,OB Carter,106460638149975990394,3,"Nice driving range, mini golf, batting cage set up. Restaurant needs more options and a upgrade. Pro shop has been replaced by a lack luster game room. Buckets a little pricey. Stay away during rush hours, it will be very congested."
06/26/2018 01:22:26,Lawrence Bollinger,115005731195070532788,4,
06/26/2018 01:07:04,The Soul Gamer,100900713212371765650,5,
06/24/2018 21:11:25,Joyce Lara,113794698589144892720,5,
06/20/2018 16:46:46,Myron A Cohen Sr,115089717015503075043,5,Great miniature golf course
06/18/2018 16:53:42,Patrick Schall,116421579554213939262,5,Easily accessible and great for all kids we will definitely use this park very frequentlyüëå
06/17/2018 11:11:39,Derek Drennen,114733474726956872192,4,Nice miniature golf course.
06/16/2018 22:29:01,Tommy Joung,102181776195692824747,4,
06/14/2018 01:01:28,Kevin Mertus,115905349794551880563,5,Nice park for events
06/13/2018 08:29:02,bill maurer,109491367273530699577,5,Great place
06/12/2018 03:27:16,Dave F,102711727329447347668,4,Nice little park
06/10/2018 23:34:28,Courtney,105710336265330734893,4,
06/08/2018 21:55:41,Sue McAlary,103659316741291599258,3,
06/08/2018 16:45:42,Khalid H.,114249797630415259511,5,Beautiful park.
06/07/2018 15:10:56,jean Paredes,100285763226714732769,5,Perfecto
06/03/2018 17:38:04,Joe Bennett,106995242676029376163,3,
05/29/2018 16:33:19,James Blakely,104264933128849405974,4,
05/27/2018 13:44:09,christy schlachter,115458425421658537833,4,Nice playground
05/27/2018 12:49:41,Lisa Anderson,112958229602420799182,4,It's a good place to barbecue!!
05/21/2018 13:52:48,K C,116019992466240838560,5,Beautiful day in clean Burlholme Park with family.  I'm so thankful.
05/18/2018 11:38:33,Francine Bollinger,111443394789027009743,5,
05/13/2018 12:50:35,Tom babiasz,113053950397610307248,4,"Good place to relax or unwind, great for family picnics"
05/13/2018 00:45:54,Wal .S,112332323741797367309,3,"A nice 85 acre  park with a commodious amount of space for a multitude of different activities   . You can play various sports here  such as football ,baseball, soccer etc . They also have shaded areas  where you can eat at . It also is an ideal place to go jogging  and they have an appreciable  amount of tree and plants . In addition  they have a large historical museum on the premises  .The kids seem to really like sledding  here is the winter whenever there is any substantial  snowfall,  since there is a small hill located in the park.

I would would actually  give  this place four stars if it wasn't  for all of the inconsiderate ,ignorant ,uncouth , and indolent people  that don't  clean up their dog waste when they walk their dogs here despite the signs that say their is a $300 fine for not cleaning up after there dog .These signs is of course seldom to never enforced  by the law which  is truly a shame . I also think that the park needs considerably  more maintainence . They should also plant more trees since some of them were uprooted  and killed  by the inclement  weather  from the winter ."
05/10/2018 19:09:18,Zanny ZigZag,117569133574663225715,4,
05/08/2018 21:42:17,luscatta m,116862879863665170714,5,Its a nice clean large park
05/08/2018 15:47:27,Rocky,112295392422836655400,5,
05/06/2018 16:00:33,J. Koz,111877608996391416069,4,Really nice Park located between Jeanes Hospital and golf drive range.  Fleamarket was there once a year
05/06/2018 15:38:48,Paulo Sousa,109066745051367884903,5,My little girl love it
05/05/2018 19:43:20,Jim Schuler,114603118290090181130,4,
04/27/2018 11:09:45,Cmdr Sisko,110612739990749833751,4,
04/23/2018 22:34:14,Daniel Hurtado,107900758239849941249,5,Demasiado hermosa tarde aqu√≠
04/22/2018 22:04:43,virginia kearney,100654778360886075074,4,
04/22/2018 00:35:11,Gino Chiusano,106377610308167326894,3,"Its a nice place. Cant enjoy minature golf though. Too many people in front and behind you. So its difficult to have a peaceful 18 holes feeling rushed through! They took the arcade out so thats another activity not there to enjoy. It is a nice park for Golf Range, and the Batting cages."
04/21/2018 03:03:04,Shanda H,110135654578493306763,5,I really liked all this park had to offer. It had something for various ages and it was user friendly.
04/18/2018 03:42:56,eL Strugz,115708902000340565609,3,"It's ok when all the machines are working for batting cages and generally not a long wait.. nice facilities, friendly staff, cool looking mini golf course as well as a nice sized driving range üëç"
04/10/2018 04:38:15,Yaasiyn Muhammad,109918204844961782312,5,Great job redoing the playground! The museum and library are pretty cool for the babies!
04/07/2018 14:50:07,Robert Williford,101560765676479645762,4,Love this place. It has a good baseball field. A covered space for picnics. Some historic stuff. They do events for kids throughout the year. My dog and I visit just about every Saturday. Unlike others I clean up after my dog. The place needs some care after this past winter. There are trees down and more that may need to come down.
04/01/2018 23:10:30,The Incog-negro,103200999728378156479,5,"Top notch , clean , courteous ... A neborhood gem!!!"
04/01/2018 18:44:48,Chris,109090841056769241606,3,Fields are usable and clean.
03/30/2018 10:15:59,Kiriana,116436734833064525101,5,
03/29/2018 10:50:36,Dave Hardrick,117145987995912670213,5,My daughter loves this park
03/28/2018 07:19:45,patrick hall,102789036663061115685,5,
03/28/2018 00:51:08,James Madison,114392952091096849811,5,"Nice place for walk,take in a little nature"
03/27/2018 11:41:46,Lillian Diaz,109493227616402461463,5,Great place to go sleddin in the snow.
03/24/2018 19:05:55,Kathleen Abbott,113067779970229796617,5,
03/23/2018 02:07:20,trish dougherty,112291049922257205372,5,"Great park. The playground, fields, trails and picnic area are all great (so cool that folks in the neighborhood just happen to know that there will be fireworks going off there every 4th even tho it's never advertised or there's never any money collection too...it just happens there every 4th). Best time to go is Saturday mornings when you can trashed the kids to the library there and get a free tour of one of the coolest, albeit small, museums around- of the ryers mansion"
03/21/2018 23:44:12,Ben Jay,104865285758271435801,5,
03/19/2018 00:30:00,Dante Medori (Dantelevator),112844665132784056439,5,
03/11/2018 16:51:54,Alexi Pierre,110369064143288993818,5,Very clean
03/09/2018 20:20:49,Kelly Welsh,109149153497754358640,3,Not the park i remember as kid its dirty and needs some work to spruce it up
03/08/2018 16:18:27,LAMONT ‚ÄúQUESTAVENUE‚Äù PHILLIPS,113815047522268948812,4,
03/07/2018 22:23:56,Tiffani Jones,112241864736520668814,4,
03/06/2018 09:17:22,FoxInTheTwilight,108246081060631850857,5,"Nice large sized park with lots of open land for kids / dogs to run about.

Also has a few picnic tables scattered about which might be nice to use in the summertime.

There's a playground that has two sections; one geared towards older kids 5+ and an area for younger kids ages 2-5.

The playground features a lot of climbing equipment and several plastic slides along with swings. One feature I thought pretty unique was a percussion  area with a pair of drums and a musical xylophone type instrument.

There is also one swing that features a seat that can be used for special needs kids (ie cerebral palsy).

There is also a a baseball field and nearby is the Burholme Family Fun Center - An indoor entertainment center and an outdoor miniature golf course. I only drove by those two areas, but I plan to check out the Fun Center in the future."
03/01/2018 14:22:48,Jay Lee,113078135309105100034,3,Place is ok.
03/01/2018 03:19:12,Charlene Lackey,111619680365585326871,3,
02/28/2018 21:27:10,Jim Cooper,108499354398706290790,3,
02/28/2018 03:45:09,Charrese Jackson,115930175218665354188,5,
02/24/2018 17:49:49,Mike Denomme,111809762615234901957,5,Sledding hill is good during the winter and the park was just completely redone within the last 3 months.
02/23/2018 16:17:16,Leslie Viguerie,102817071744376515226,5,Very nice for kids
02/22/2018 02:18:35,Theresa,111158952782039139685,5,Very nice for kids to play
02/21/2018 22:49:52,Audra G.,104493761497209482367,5,
02/16/2018 19:59:15,Lucy Waters,103423774303467107840,3,
02/16/2018 10:39:17,Matthew Sender,111244237397062346346,4,
02/15/2018 16:27:45,Evonda Todd,118167298489454126556,5,
02/15/2018 00:46:28,Patricia Gabert,112260791083486640751,5,
02/10/2018 23:20:46,Allan Nadav,102870989707223468349,5,Under-used gem
02/10/2018 16:56:04,Jim Todaro,109048860244506632872,3,
01/26/2018 02:20:08,Vinnie Punches,118401446350755094474,4,
01/24/2018 21:52:07,Eddie C Car,115260332731358486990,5,"Good driving range stalls,,heated,,great place to take kids also...batting cages, miniture golf, and a whole game room."
01/22/2018 17:35:39,C.P. Brown,100511641057685932740,2,Poor
01/18/2018 14:25:21,William Gramlich,101863166309442733911,3,
01/11/2018 22:25:06,jose a naranjo,108164477143998917122,4,
01/10/2018 12:37:57,maria del carmen maldonado,106584458403295802689,5,
01/09/2018 23:10:57,Mia F,108700064680160924544,5,
01/06/2018 20:55:03,B√¶ Ong,102138370703247514692,4,
01/03/2018 12:50:35,richard jackiewicz,116488773985293451437,5,
12/30/2017 03:04:04,Mathew Strommen,100454246907158687609,5,
12/29/2017 16:35:59,Tracy G,116307000718507074299,4,Always took my children to this playground.
12/27/2017 16:07:06,Britt LaMarche,116611144844564080013,5,
12/26/2017 17:29:33,jjustiss,115894133774698374016,4,
12/25/2017 08:17:35,nadeem chaudhry,101438601414336647969,3,Nice play grounds and place to sit for lunch for families .nothing more
12/23/2017 23:15:22,ilona krieger,104993702219977695822,5,Quiet place to read
12/19/2017 17:45:33,Kaitlin Agne (Kate),110264620457654143120,3,
12/14/2017 00:09:28,Carol Jones,115074981794287650246,4,Love the atmosphere it's a place I go in the summer time to relax
12/11/2017 23:55:54,The Last Savage,113543072679275509381,5,Perfect for passing the time
12/11/2017 02:33:30,Patrick Davis,101443318601963122368,5,Great to go sledding
12/07/2017 13:47:14,unicorngamingLili,106493957142755849306,5,Love the brand new playground!!!
12/05/2017 01:52:02,Marsel Dajko,110672621256496677892,5,
11/27/2017 10:51:45,Beth Emiius,117497913491850729540,5,
11/25/2017 11:52:46,Sean Pierson,113729048362120957172,5,
11/14/2017 15:44:18,patricia masters,118291569025398761623,5,Love walking in the park
11/12/2017 22:53:41,MAGS PALACIO,108876743368428380091,3,
11/09/2017 19:19:34,shanika beasley,104210789111632493174,5,
11/06/2017 23:57:15,Carlos Reyes,112012474966393302986,5,
11/06/2017 23:55:28,Susan Parker,111948947306831384461,5,Love to eat my McDonald's here
11/02/2017 20:10:14,iris !,107229788244789232298,5,
10/28/2017 20:58:54,Belinda E McCall,117880999517581766770,5,Simply Beautiful
10/26/2017 07:17:20,Kerrianne Long,108589708281505711023,5,Free family activities and movies in the summer. They just remodeled the playground. Lots of room and clean. Highly recommend.
10/24/2017 02:20:06,suhairfarah,102610863925644889602,1,
10/22/2017 14:21:35,Joe colucci,107347477423724778351,5,Great park to just sit and chill.
10/19/2017 14:48:16,Elizabeth Tanealian,105662678671886550479,3,
10/11/2017 18:41:11,Holly Love,115682449233111281175,4,"It's a family fun place to go! They have batting cages, golf, mini golf and an arcade!! The kids love it as well as the adults. It's a great place because the kids can play and the adults can play!! We had a blast"
10/06/2017 21:17:54,Lynn Grace,100775441528392417942,5,"Ballfields and some rldes for young kids ,snackbar and building to look thru"
10/02/2017 17:41:35,NANCY FORD,102933050235383776986,5,1st their. Beautiful park
10/01/2017 14:24:39,Jen Taylor Hogg,103819233880810021424,4,
09/25/2017 16:01:29,Craig Padulese Jr,114907348203948691024,4,Nice park. Mini golf around the corner
09/25/2017 10:04:06,Chris Szymanski,117146988429082031600,3,
09/18/2017 02:49:20,Allace Sander,113988316064621815195,4,
09/16/2017 17:10:46,Steven Garcia,103964701479309603398,3,
09/13/2017 06:39:02,michael (mike),106336901411494963027,4,
09/13/2017 02:09:47,Karlyn Cooney,115911550038952852612,5,Park is clean. Great place for children to play.
09/12/2017 21:22:58,Sydney Sanders,117527792744442246814,4,
09/09/2017 18:26:19,Rodney Lee,102166479114559316252,5,
09/06/2017 15:12:11,Shireen ‚ÄúReesie‚Äù Jeter,113337602549281287134,4,
09/05/2017 14:01:44,GHETTO FRAZIER (SOGHETTOSTER),118262234183322562052,5,Great park new playground
09/05/2017 12:19:02,Isaac Shahid,107659100245722571789,5,
09/04/2017 11:54:26,Rafat Badwan,101416598934920651398,3,
09/02/2017 13:53:22,Tia James,107684096096508362339,5,A big park for any occasion
08/31/2017 20:27:54,T Z,110298271726335003247,2,
08/29/2017 13:33:38,Jennifer Steinmetz,113176869046539912622,5,Lot to do for the family
08/28/2017 02:35:17,Mary Rivera,115805523170387861702,5,
08/28/2017 01:33:45,S. Murphy,102767299448423372384,5,
08/24/2017 10:12:27,Michael Fagnani,109152597093832498611,4,
08/21/2017 19:53:12,Harold K Lloyd,114808795674449138677,4,
08/20/2017 17:43:08,Joshua Martin (Munchies),112218565215641035505,5,
08/19/2017 04:12:08,LOKI,102836399297451777593,5,
08/16/2017 18:59:24,William Hyland,107497837234818311598,3,
08/07/2017 11:59:27,Chele T,108640497824976546397,5,Nice park. Clean. Roomy. Has pavillions
08/05/2017 10:29:11,sean finley,117083363549000564578,3,
08/03/2017 13:20:38,Jeffrey Waring,112159292063360738586,5,
08/03/2017 00:22:20,James Jean,113277299479392383994,3,Balls are in great shape. Just wish they had real grass
07/27/2017 10:28:57,Linda Medina,106825355151399805883,3,
07/25/2017 23:23:58,Juan Cruz,105000419487238073920,5,"Quite, family-friendly place"
07/24/2017 03:43:30,theresa Fallen,100274301732783298674,5,Played golf loved it
07/19/2017 02:02:00,C Bailey,111864517736316785166,3,There was only single bathrooms! That was not very convenient for the children.
07/19/2017 00:24:57,Genaro Mezon,106976330442339061334,4,
07/18/2017 15:21:33,Matt Wufsus,118221834550383807574,5,"Nice little driving range with a pro shop. Great service, fairly priced buckets of balls, and plenty of parking."
07/16/2017 22:29:33,Jeffrey Kostic,113689101391068194586,4,
07/11/2017 16:03:14,Eric G,110297212114145804358,3,
07/08/2017 13:25:40,Raina Smith,100465583932957881631,3,
06/24/2017 03:07:17,Robert Page Jr,105476220798790271856,3,
06/21/2017 19:26:13,Beverly Albertus,100118187817554498785,3,The grass wasn't cut.
06/15/2017 03:50:12,Alex Pritz,107379846214913760221,5,
06/11/2017 19:02:41,Yvonne Carolina,115969760824680751258,5,
06/11/2017 17:09:28,Antonia Goyco,113022032830759641738,5,
06/06/2017 16:18:33,Jerry DeRosa,118092433572783861489,1,"Sadly, kids rely on this facility to play ball or get recreational time, it's a dump. Terrible condition and filthy facility."
06/04/2017 21:04:18,Chris Digiorgio,110168779309934568449,4,
05/28/2017 18:40:05,Gary Joseph,105807647579479997211,5,"Burholme is still a great place to take the kids to fly a kite, or to sled in the winter."
05/27/2017 11:34:27,Peter Arriaza,111041625825284611673,5,
05/13/2017 21:28:53,Jamrs Anthony,101236980659364839812,1,Don t know  the place
05/01/2017 13:34:20,Roselore Louis,109038642186967063539,5,Great outdoor for family time...
04/26/2017 10:51:54,Young Jin Choi,118009091674620480980,5,Good services
04/23/2017 16:16:17,Aidan Sandhaus,110917760397195242679,5,
03/28/2017 19:43:26,Jacqie Miles,111222210279544508842,5,"Very clean park beautiful trees, beautiful museum  is always having wonderful events for family fun especially for the children."
03/06/2017 14:48:34,Dark Strangers,110257746670850396800,4,Nice park
02/27/2017 21:11:58,Super Nova,103999713506804574968,4,very nice
02/20/2017 22:52:32,Thai Neang,118030034351752997416,4,Good place for kids. There a batting cage and mini golf right next to it
01/26/2017 14:32:57,Marie Stopa,102234536944539325363,5,Family park BBQ musuem baseball
01/08/2017 23:11:42,Thomas Burke,109582114056775955001,5,
12/09/2016 23:55:41,Robert Jaffe,106885233264299455616,5,"Best view in N.E. Philadelphia, a sweet meadow saved from development (thanks Sam Stretton Esq.) & where as a kid I saw and was amazed by knight's armor suit in the great mansion."
09/07/2016 05:33:27,Olly Bell,118167108524386339416,3,Nice park but the bathroom is way too far!!!
08/24/2016 20:56:01,Amal Prazad,103820813179298634731,4,"Nice park for morning walk/run, playing soccer, football....."
08/01/2016 13:13:44,Ilene Rivera-Small,112539880643465992832,5,I had a picnic for my mom here. The area was clean with restrooms nearby that didn't smell like a public restroom. The museum always brings back memories. I will go back again.
07/24/2016 22:06:46,Eram Helen,118208013104487338745,5,
07/16/2016 17:26:50,SANIAHBANGA SANIAHBANGA,102504291819572864273,5,Beautiful park
04/16/2016 05:39:58,Chuck Harris,110506937960220577112,5,"Maybe not the biggest park, but it has a wide variety of trees and wildlife. In fact there has been a visiting Pilleated Woodpecker (Woody Woodpecker). There are foxes, groundhogs and the occasional Blue Herring. There is a nice pavilion and a separate picnic area with a playground for the children. Ample parking and porta-potties on site."
03/13/2016 04:11:28,Domo,107800195138289460225,2,
07/03/2015 15:04:44,Carmen Newton,102794896885354933410,5,
04/19/2014 02:31:58,IAN Kemmerer,100352626821645672347,5,
06/09/2012 20:54:31,Bradley Siegel,118342228734039037413,5,"Great minigolf course, lots of driving range stalls and batting cages."
